SMILES,shift_value,split
[H]C1=NC(F)=C([H])N1,-140.0,Train
[H]C1=C(Br)N=C(C(F)(F)F)S1,-66.5,Train
O=C(O)C1(C(=O)N2CCC(C(F)(F)F)CC2)CC1,-73.99,Train
O=C(CC(F)(F)F)C1=CC=CC=C1,-62.0,Train
CN1NNCC1CN[C@@H]1CCCC[C@H]1F,-175.72,Train
CC1=NC(C)=C(C(F)F)S1,-102.0,Train
C=C(C)F,-88.0,Train
[H]/C(CCC)=C(/[H])CC(F)(F)F,-67.55,Train
O=C(C1[NH]CCC1C1CC1)N1CC(CF)C1,-228.41,Train
CN1CCN(C(=O)C2CCN(CC(F)F)N2)CC1=O,-123.8,Train
CC1CC2CCCCC2C1NC(=O)CC(F)(F)F,-62.86,Train
FC1=C(F)C=CC=C1,-139.0,Train
[H]N1C=C(F)C(=O)N([H])C1=O,-171.0,Train
CN1CCNC(N2CCCC(C(F)(F)F)C2)C1=O,-72.01,Train
FC(F)(F)C1=NC=CS1,-60.0,Train
CCC(=O)NC1CCC(C(F)(F)F)NN1,-66.65,Train
CC1C[NH]CC1C(=O)N[C@@H]1CCCC[C@H]1F,-175.93,Train
CN1CCN(C(=O)NC2CCC(C(F)(F)F)CC2)CC1,-61.53,Train
CCC1NCSC1NC(=O)C1(C)CC1F,-210.5,Train
O=C(COC(F)F)N1C[C@@H]2C[C@H]1CS2,-85.07,Train
FC(F)(Cl)OC1=CC=C(Cl)C=C1,-26.0,Train
Cl.NCC1CNCC(C(F)(F)F)C1,-63.01,Train
CCS(=O)(=O)N1CCN(C(C)C(F)(F)F)CC1,-70.96,Train
CC1NC(N2CC(CF)C2)CCC1C#N,-227.39,Train
CC1CCC(NC(=O)N2CCC(O)C2)CC1OC(F)F,-81.04,Train
CC1CC(N)N(-C2CC(C(F)(F)F)CCC2Cl)N1,-62.47,Train
O=C(C1CCCCC1C(F)(F)F)N1CCSCC1,-59.66,Train
[H]/C(C(=O)C1=CC=CC=C1)=C(/[H])C(F)(F)F,-66.0,Train
C=C(F)CI,-97.0,Train
NCC1CCCC(C(F)(F)F)N1,-67.76,Train
O=C(O)C(F)F,-127.0,Train
CCOC(=O)C(C)F,-185.0,Train
OCCF,-227.0,Train
O=C(O)CC1CCN(C(F)F)N1,-94.85,Train
CON(C(=O)OCC(Cl)(Cl)Cl)C(C)(F)F,-77.0,Train
CCCC/C=C/C(F)(F)F,-65.0,Train
CCCCCC(F)C1=CC=CC=C1,-170.0,Train
CC(F)CCN1CCS(=O)(=O)CC1,-171.87,Train
O=C(CN1CC(C(F)(F)F)CCC1=O)N1CCNC1=O,-62.26,Train
[H]C1=CC=C(OC(F)F)C=C1,-76.0,Train
FC1=NC=CC2=CC=CC=C21,-71.0,Train
O=C(CC1CCC1)N1CCC[C@@H]1C(F)F,-125.38,Train
OC/C=C(/F)C1=CC=CC=C1,-98.0,Train
O=C(O)C1C(C(F)F)NC2N1CCCC2,-113.31,Train
CS(=O)(=O)C1NCCN1CC(F)(F)F,-71.63,Train
O=C(O)CN1CC(Cl)C(C(F)(F)F)N1,-62.21,Train
O=S(=O)(CF)CC1=CC=CC=C1,-212.0,Train
O=C1NC(-C2CCCCC2)CC(C(F)(F)F)[NH]1,-70.31,Train
O=C(C1CC1)N1CCOC(C2CCCCC2C(F)(F)F)C1,-58.36,Train
FC(F)C1=NC=CN1,-114.0,Train
OC1=CC=C(SC(F)F)C=C1,-89.0,Train
CN(C)CC(F)F,-100.0,Train
CCOP(=O)(CC(F)F)OCC,-111.0,Train
CP(C)C(F)(F)F,-64.0,Train
O=C1CC(OC(F)(F)F)CC[NH]1,-57.58,Train
N#CC(F)(F)I,-46.5,Train
CCC(F)(F)C(=O)OC,-108.0,Train
CCOC(=O)C(C)(C)F,-148.0,Train
COC1=CC=C(CF)C=C1,-199.8,Train
CC1CSCCN(C2NCC(F)CN2)C1,-157.19,Train
CCCCCCCCC1=C(F)C=CO1,-176.0,Train
[H]/C(=C(/[H])C(F)(F)F)C(F)(F)F,-66.4,Train
FC(F)(F)C1=CC2=CC=CC=C2N1,-61.0,Train
C[C@@H]1CN(C)C[C@H](C(=O)N2CCCC(C(F)(F)F)C2)O1,-72.15,Train
CCC1CN(C(=O)[C@@H]2C[C@H]2C(F)(F)F)C1,-66.52,Train
CCC1NNSC1C(=O)N1CCCC(C(F)(F)F)C1,-71.43,Train
CS(=O)(=O)[C@@H]1CNC[C@H]1C(F)(F)F,-69.52,Train
OCC1CCNN1CCF,-222.29,Train
CC1CCC(C(N)C(F)(F)F)O1.Cl,-75.22,Train
FC(F)N1N=C(Cl)C2=CC=CC=C21,-95.0,Train
Cl.O=C(NC1CNN(-C2CCCCC2)C1)[C@H]1C[C@H](F)CN1,-176.04,Train
CCOC(=O)C(F)CC,-194.0,Train
N#CC1(C(=O)N[C@@H]2CCCC[C@H]2F)CCC1,-176.67,Train
FC(F)C1N[NH]C2C1CCC2,-112.14,Train
CCSC(C)F,-142.0,Train
Cl.NC[C@@H]1C[C@H]1C1CCC(C(F)(F)F)CC1,-61.88,Train
Cl.FC(F)C1[NH]NC2C1CNCC2,-113.55,Train
CC(C)(C)C1=C2C(F)=CC=CC2=CC=C1,-96.0,Train
OC(CN1CCCSCC1)C(F)(F)F,-78.71,Train
OCCCF,-220.0,Train
FC(F)(P(C1=CC=CC=C1)C1=CC=CC=C1)P(C1=CC=CC=C1)C1=CC=CC=C1,-95.0,Train
FC(F)CN1CCN(C2CCCCN2)CC1,-119.67,Train
CCCCCCOC(=O)C(F)(F)C(=O)OCC,-113.0,Train
O=C(O)C1NN(CC(F)(F)F)CC1Cl,-72.12,Train
O=S(=O)(CC1=CC=CC=C1)C(F)(F)F,-77.0,Train
CC(C)(F)Cl,-87.0,Train
CNC1CC(C(F)(F)F)NC2CCCCC12,-67.59,Train
NC(=O)CN1CC=C(C(F)(F)F)CC1,-69.18,Train
[N-]=[N+]=NC(F)(F)C1=CC=CC=C1,-69.0,Train
FC1(F)CCCCCCCCCCCCCC1,-91.5,Train
Cl.N[C@@H]1C[C@H]1C1CCCCC1OC(F)(F)F,-57.38,Train
FC1=CC=C(F)C=C1,-120.0,Train
O=C(C1CCCO1)N1CCCCC1C(F)F,-124.24,Train
[H]C1=NC([H])=C([H])C(C(F)(F)F)=N1,-70.0,Train
CC1=C(C(F)(F)F)SC(Cl)=N1,-59.4,Train
CN1CC(C(=O)O)C(C(F)(F)F)C1,-56.05,Train
COB(OC)C(F)(F)F,-70.0,Train
O=C(C1CCCNC1O)N1CCC(CC(F)(F)F)CC1,-62.98,Train
CC1CC(N2CCCC2CF)C(C#N)CN1,-225.56,Train
CC[C@@H]1C[C@H]1NC(=O)C1CC(F)C[NH]1,-163.97,Train
CC1(C)NC(=O)N(CC2CCCCC2C(F)(F)F)C1=O,-60.11,Train
CC1(C)C[C@@H]1NC(=O)C1(CF)CCOCC1,-224.65,Train
FC1(CC2=CC=CC=C2)CO1,-134.0,Train
C/C=C(/C1=CC=CC=C1)C(F)F,-117.0,Train
O=C1[NH]CCN2NC(C(F)(F)F)CC12,-61.71,Train
O=S(=O)(C1CCCCC1OC(F)(F)F)N1CCCC1,-56.35,Train
O=C(O)C1CC2CCC(C(F)(F)F)NC2[NH]1,-66.1,Train
O=C(N[C@H]1CCC[C@H]1F)C1CCCCN1,-189.38,Train
COC(=O)C(O)(O)C(F)(F)F,-84.0,Train
O=C1C=C(OC(F)F)CCC1,-85.0,Train
CCC1OC(C(=O)N2CCOC(C(F)F)C2)CC1C,-130.7,Train
FC(F)(F)C1=NC2=CC=CC=C2C2=C1C=CC=C2,-63.5,Train
CN1CC(C(=O)NC2CC(C)(F)C2)CN1,-137.82,Train
CC(F)(F)C(=O)C1=CC=CC=C1,-94.0,Train
F/C=C/F,-165.0,Train
CNC(=O)N1CCCC(C(F)(F)F)C1C,-69.56,Train
CC1CCC(S(=O)(=O)N(C)C2CCNCC2)C(F)C1.Cl,-111.14,Train
O=S(=O)(C1CC1)N1C[C@@H](F)C[C@H]1CO,-171.75,Train
FCN1C=NC2=C1C=CC=C2,-164.0,Train
FC(F)(F)C1=CC=C(C(F)(F)F)C=C1,-63.5,Train
CN1C(C(F)(F)F)=NC2=C1C=CC=C2,-63.0,Train
O=C(C1=CC=CC=C1)C(F)(F)F,-72.0,Train
CC1C[NH]CC1C(=O)N1C[C@@H](F)C[C@H]1CO,-167.39,Train
CC1=CC(F)=CS1,-128.0,Train
N#CC(F)C1=CC=C2C=CC=CC2=C1,-167.0,Train
O=C1CCN(C2CCCN(CC(F)(F)F)C2=O)CCN1,-69.35,Train
CC(F)C1=CC2=C(C=CC=C2)C=C1,-167.0,Train
FC(F)(F)C1=NC=CC2=CC=CC=C21,-63.0,Train
C[C@@H]1OCCN(C(=O)C2CCN(C)N2)[C@@H]1C(F)(F)F,-63.78,Train
CCOC(=O)C(F)(F)F,-76.0,Train
CNC(=O)[C@@H]1CSCN1C1CCC(C(F)(F)F)CN1,-60.67,Train
CC1NC(O)CC(C(F)(F)F)N1,-70.92,Train
CC1CC(CNC(=O)C2CC(F)C[NH]2)ON1,-163.66,Train
CC1=CCCN(C2NCC(C(F)F)CN2)C1,-110.39,Train
O=C1CC(CN2CCC(C(F)(F)F)CC2)CN1,-73.52,Train
CCOC(=O)C(F)(F)I,-57.9,Train
O=C(COC(F)F)N1CC2CCCC2C1,-85.03,Train
CC1CNC(N2CCOC(CF)C2)S1,-231.81,Train
CC1CC(C(=O)NC2CC(C)(F)C2)CCN1,-137.52,Train
N#CC1CCC(CN2NC(C(F)(F)F)CCC2=O)CC1,-67.18,Train
CN(C1=CC=CC=C1)C(F)(F)F,-60.0,Train
FC1=CNC2=CC=CC=C12,-175.0,Train
FC(F)C1=CSC=C1,-108.0,Train
CCOC(=O)CC(=O)C(F)(F)F,-75.0,Train
CC1(CC(F)(F)F)CN(C(=O)NC2CCCCN2)C1,-61.57,Train
CC1NCCC(N2CCCC(F)C2)N1,-184.23,Train
NC1CC(C(F)(F)F)NCN1,-70.64,Train
O=C(C1CCSN1)N1CCC(CF)CC1,-223.36,Train
CC1CCCC(F)C1NCC(=O)N1CCOCC1,-139.91,Train
FC(F)Cl,-73.0,Train
NC1CCC2C(C1)CCC(=O)N2CC(F)F,-121.67,Train
FC1=CC=NC2=CC=CC=C12,-113.0,Train
[H]C(=O)C(C)C(F)(F)F,-68.0,Train
F/C(Cl)=C/C1=CC=C(I)C=C1,-73.0,Train
CCCCCCCCC1=NC2=CC=CC=C2C(C(F)(F)F)=C1,-63.0,Train
F/C=C/COCC1=CC=CC=C1,-125.0,Train
FC(F)(F)/C(=N/C1=CC=CC=C1)C1=CC=CC=C1,-70.0,Train
CC(=O)C(F)(F)C(=O)C1=CC=CC=C1,-109.0,Train
CCC1NCNC(N2CCCC2C2CCCO2)C1F,-150.49,Train
FC(F)(F)SC1=CC=CC=C1,-43.0,Train
FC(F)SCC1=CC=CC=C1,-94.0,Train
O=C(O)C1SCNC1C(F)F,-114.24,Train
FC(F)(F)C1=CC=CC=C1C(F)(F)F,-59.6,Train
[H]C1(C(F)(F)F)CCC(CCCC)CC1,-75.0,Train
CC1NC(C(F)(F)F)C(C(=O)O)O1,-61.38,Train
O=P(CF)(C1=CC=CC=C1)C1=CC=CC=C1,-242.0,Train
CC1CC(S(N)(=O)=O)CNC1C(F)(F)F,-65.45,Train
CCCCCCC(F)(F)F,-68.0,Train
N#CC1CCCCC1CN1CCCC(C(F)(F)F)C1=O,-65.36,Train
[H]C1=NN(C2=CC=CC=C2)C([H])=C1F,-176.0,Train
FC1=CCCC1,-125.0,Train
NC(=O)[C@@H]1C[C@@H](F)CN1CC1CCCC2C1CCOC2,-170.53,Train
CCOC(=O)/C=C/CF,-224.0,Train
[H]/C(C(=O)O)=C(/[H])C(F)(F)F,-66.0,Train
FC(F)C1NC2C(Cl)CCCC2[NH]1,-117.08,Train
[H]C1=C(C(F)(F)F)N=C(C2=CC=C(C)C=C2)S1,-61.6,Train
C#CCC(F)(F)F,-64.0,Train
Cl.FC(F)(F)OCC1CCNCC1,-60.24,Train
CCN1CC(NC(=O)N2CCC(C(F)(F)F)CC2)CN1,-73.63,Train
OC(F)(F)F,-54.0,Train
O=C1CCCCC1F,-188.0,Train
CCCCCCCC(F)(F)C(=O)OCC,-105.0,Train
Cl.FC(F)(F)C1CCC2C(C1)CCN2,-60.9,Train
CC(C)C(=O)CC(F)(F)N=[N+]=[N-],-70.0,Train
OCC(F)(F)F,-78.0,Train
CC(N)C1NNC2C(Cl)CC(C(F)(F)F)CN12.Cl,-62.6,Train
CCCCCCCCC(F)N1C=NC2=C1C=CC=C2,-136.0,Train
[H]/C(C1=CC=CC=C1)=C(/[H])C(F)(F)F,-58.0,Train
CC(C)(N)C1NC(C(F)(F)F)CC(=O)[NH]1.Cl,-70.47,Train
FC(F)(F)C1=CN=C(Br)C=C1,-63.0,Train
FC1=CC=CC2=C1C1=C(C=CC=C1)O2,-119.0,Train
CN(C1CCN(C)N1)S(=O)(=O)C1CCC(C(F)F)O1,-116.89,Train
CC1CC(C(F)(F)F)NC(-N2CCNC2)N1,-69.85,Train
O=C(O)C1SCCC1OC(F)F,-83.64,Train
CC1CCCNC1NC(=O)C1CCN(C(F)F)N1,-95.65,Train
CC1NCN(CC2CCCNC2C(F)(F)F)N1,-63.96,Train
N#CC1CCC(N2CCS(=O)CC2)CC1C(F)(F)F,-62.0,Train
CC1NCC(C(F)(F)F)[NH]1,-62.0,Train
NCC(F)(F)F,-72.0,Train
[H]C([H])=C([H])CC(F)(F)F,-65.0,Train
O=C(CC1C=CCC1)N1CCC(O)(C(F)(F)F)CC1,-84.32,Train
O=C(O)C1NC(C(F)(F)F)N2C1CCCC2,-62.7,Train
O=C1CCC(OC(F)F)C[NH]1,-82.88,Train
CC1NCC(C(=O)N[C@H]2CCC[C@H]2F)S1,-189.0,Train
N=C(C1=CC=CC=C1)C(F)(F)F,-57.0,Train
CC1CC(C(=O)N[C@@H]2CCCC[C@H]2F)ON1,-176.07,Train
[H]C1=C(C(F)(F)F)N=C(C2=CC=C(C)C=C2)O1,-62.3,Train
O=C(NC1(CF)CCC1)C1CCNCC1,-225.01,Train
FC(C1=CC=CC=C1)C(F)C1=CC=CC=C1,-186.0,Train
FC(F)(Br)SC1=CC=CC=C1,-22.0,Train
CC1CNC(CN2CCC[C@@H]2C(F)F)O1,-125.24,Train
CC(C)N1C(=O)NC2(CCN(CC(F)(F)F)C2)C1=O,-69.45,Train
CN(CC1CCCCC1F)C(=O)C1CSCN1.Cl,-118.63,Train
[H]C([H])=C(C(=O)C1=CC=CC=C1)C(F)(F)F,-64.0,Train
CC1CCN(C(=O)C2CCC3NNC(C(F)F)N3C2)CC1,-119.43,Train
CN1CC(NC2CC(C#N)CCC2C(F)(F)F)CCC1=O,-63.52,Train
FC(F)C1CCCC1,-119.0,Train
CCOC(OCC)C(F)F,-137.0,Train
FC(Br)Br,-86.0,Train
CCC(=O)N[C@@H]1CCCC[C@@H]1C(F)(F)F,-69.53,Train
CCCCCCCCCCOC(F)(F)F,-60.0,Train
N#CCCN1CCC(C(F)(F)F)N1,-61.71,Train
[H]C1(C(F)F)CCCCC1,-124.0,Train
CCOC(=O)CCF,-220.0,Train
CC(C)C(F)F,-127.0,Train
CCCC(F)(F)F,-68.0,Train
FC(F)(F)C1=C(C2=CC=CC=C2)NC2=CC=CC=C21,-53.0,Train
O=C(NC1(C(F)F)CC1)C1CCCCC1,-120.92,Train
CC1NCSC1CN1CCOC(C(F)F)C1,-130.55,Train
O=C(NCC(F)(F)F)C1CCCC2CCCNC12,-71.66,Train
CC1NSC(N2CC(CC(F)F)C2)N1,-116.9,Train
CCC(F)(F)F,-67.0,Train
O=C1NCCN2CNC(C(F)(F)F)C21,-60.63,Train
O=C(NC1NC(C(F)(F)F)C[NH]1)C1CCCO1,-62.27,Train
FC1=CN=CC2=CC=CC=C12,-140.0,Train
CCCCC1=C(F)OC2=CC=CC=C21,-120.0,Train
CC(=O)CC(F)C1=CC=CC=C1,-174.0,Train
FC(F)(F)C1CCN(CC2CCON2)N1,-61.64,Train
C[Si](C)(C)C(F)F,-140.0,Train
[H]C1=C(C(F)(F)F)N=NN1C1=CC=CC=C1,-60.0,Train
CC(F)CCN1CCCC2(CCOCC2)C1,-171.53,Train
CN1C=CC=C1C(F)(F)S(=O)(=O)C1=CC=CC=C1,-97.0,Train
CC(O)CC(F)(F)F,-64.8,Train
CN1CCN(C(=O)CC(F)(F)F)C(CN)C1.Cl,-62.8,Train
CC1=CC=C(S(=O)(=O)OC(F)(F)F)C=C1,-54.0,Train
O=C(C1CCC(OC(F)(F)F)CC1)N1CCC(O)CC1,-57.79,Train
O=C(O)C1NC(C(F)(F)F)N2CCCCC12,-63.13,Train
Cl.NC(C1CCCO1)C(F)(F)F,-75.37,Train
CN(C(=O)C1CCCC(C(F)F)C1)C1CNN(C)C1,-110.85,Train
CC(F)CCO,-173.0,Train
Cl.FC(F)(F)C1CCNC(C2CNC2)N1,-69.84,Train
[H]C1(C(F)(F)F)CCCCC1,-75.0,Train
FC(Cl)(Br)CC1=CC=CC=C1,-52.0,Train
O=CCCC(F)(F)F,-66.0,Train
[H]C(=O)C(F)CCCCCCCC,-199.0,Train
CC(=O)NC1CC(C(F)(F)F)NO1,-64.09,Train
FC1CCCC1,-171.0,Train
CCC(F)(F)C1=CC=CC=C1,-98.0,Train
OC[C@@H]1CC2CCCCC2O[C@H]1C(F)(F)F,-75.38,Train
CC1NN(C)C2SC(C(=O)NCC(F)(F)F)CC12,-71.96,Train
FC(F)(F)C1CSC(CN2CCNCC2)N1,-63.96,Train
FC(F)(F)C1CCCN(C2CNCCN2)C1,-71.87,Train
CCCC/C(F)=C/CO,-106.0,Train
[H]C([H])=C(CCCCCCC)C(F)(F)F,-70.0,Train
CC1CNCC(N2CCCC(C(F)(F)F)C2)N1,-72.43,Train
O=C1CC(C(F)F)=NN1,-112.56,Train
O=S(=O)(Cl)C(F)F,-114.0,Train
C[Si](C)(C)C(F)(F)[Si](C)(C)C,-137.0,Train
NCCC(F)(F)F,-66.0,Train
CC1[NH]NC(C(=O)NC2(C(F)F)CC2)C1C,-120.74,Train
NC(=O)C1CNN(-C2CCCC(C(F)(F)F)C2)C1N,-62.55,Train
[H]/C(C(C)=O)=C(/[H])C(F)(F)F,-65.0,Train
O=C(O)CN1CCCC(C(F)(F)F)C1=O,-66.97,Train
[H]C(F)(Br)C(=O)OCC,-151.0,Train
O=S(=O)(CCC(F)(F)F)N1CCOCC2(CC2)C1,-65.55,Train
[H]/C(C1=CC=CS1)=C(/[H])C(F)(F)F,-64.0,Train
O=C(NC1NNC(C(F)(F)F)[NH]1)C1CCCO1,-64.32,Train
O=C(O)C1CCCN1CC(F)(F)F,-68.77,Train
FC1=COC2=CC=CC=C12,-177.0,Train
OCC(F)(F)C1=CC=CC=C1,-107.9,Train
CC1(F)CCCN(CC2CSNN2)C1,-148.4,Train
N[C@@H]1CCN(C(=O)C2(C3CCCC(C(F)(F)F)C3)CC2)C1,-62.31,Train
CCOC(=O)C(F)(F)C1=CC=CC=C1,-104.0,Train
CC1C(=O)NCCCN1CC(F)(F)F,-71.07,Train
CCC(O)C(F)(F)CC,-111.8,Train
FC(F)(F)C1=CC2=CC=CC=C2C=C1,-62.0,Train
O=C1CCCCC1(F)F,-111.0,Train
FC(F)C1=CC=CC=C1,-115.0,Train
FC1=C(C2=CC=CC=C2)OC2=CC=CC=C21,-170.0,Train
CC1CCC(C(F)(F)F)CC1NC(=O)C1CCCN1,-62.0,Train
CC(C)C(F)(F)C(C)C,-120.0,Train
CCC(F)(F)CC,-102.4,Train
O=C(O)C1CCCC(C(F)F)N1,-116.69,Train
OCCCC(F)(F)F,-67.4,Train
CC1(F)CCN(C(=O)N2CCOCC2)C1,-143.6,Train
CCN1NCNC1CN1CCCC(C)(F)C1,-147.64,Train
CC1(C(=O)N2CCCC2CF)COC1,-229.29,Train
CCOC(=O)C(F)C1=CC=CC=C1,-180.0,Train
NC(=O)N1CCNC(=O)C1C1CCC(C(F)(F)F)CC1,-62.26,Train
[H]C1=C(C(F)(F)F)N(C2=CC=CC=C2)N=C1C,-62.5,Train
Cl.O=C1CNCCN1CC1CCC(C(F)(F)F)CC1,-62.15,Train
FCC(Cl)(Cl)Cl,-198.0,Train
Cl.NCC1CCCC(C(F)(F)F)O1,-74.66,Train
CC1CNC(N2C[C@@H](F)C[C@H]2CO)S1,-169.72,Train
CC1CCC(NC(=O)[C@H]2CSCN2)CC1C(F)(F)F.Cl,-62.15,Train
FC(F)C1=CC=CS1,-102.0,Train
FC(F)(F)C1CC(CN2CCCC2)N[NH]1,-61.54,Train
[H]C([H])=C(F)C(C)=O,-116.0,Train
CC(F)F,-110.0,Train
CC1NSC(N(C)CC(F)F)N1,-122.45,Train
O=C(C1CCCO1)C(F)(F)C1=CC(Cl)=CC=C1,-102.0,Train
CCCCCCCC(O)OCC(F)(F)F,-74.0,Train
CC(=O)NC1CC(C)NN1-C1CCCCC1C(F)(F)F,-60.5,Train
CC1CCN(C(=O)N2CC(CF)C2)CC1,-227.07,Train
CC1CCC(CN2CCCC(C)(F)C2)NN1,-148.03,Train
CN1CC(N)C(C(F)(F)F)N1,-60.66,Train
O=C(O)C1COC(C(F)F)C1,-114.92,Train
O=C(NC1CC(C(F)(F)F)CCN1)C1CSCN1,-64.85,Train
O=C1NC(=O)N(CC(F)(F)F)C1=O,-72.78,Train
N#CC1=CC=C(F)C=C1,-104.0,Train
CC1NOC(NC(=O)C2CCCC(C(F)(F)F)C2)N1,-62.36,Train
[H]C1=CC=C(SC(F)F)C=C1,-90.0,Train
FC(F)C1CCN(C2CNCCN2)CC1,-124.08,Train
CN1NNC(CO)C1C(F)F,-116.1,Train
CCC1CCNC(C(=O)N2CC(CF)C2)C1,-228.22,Train
CC1CC(O)NC(C(F)(F)F)N1,-71.09,Train
Cl.OC1(C(F)F)CNC1,-134.79,Train
FC1=NC=CC=N1,-44.0,Train
FC1=CSC=C1,-131.0,Train
CC1C(N2C(=O)CN(C3CC3)C2=O)CCCC1C(F)(F)F,-60.98,Train
CC1(C)CCN(C2NCC(C(F)F)CN2)C1,-110.58,Train
[H]/C(CCCC)=C(/[H])C(F)(F)F,-59.0,Train
O=S(=O)(C1CC1)N1CCC[C@@H]1C(F)F,-125.87,Train
[H]C1=NC(C(F)(F)F)=NC([H])=C1[H],-71.0,Train
Cl.N=C1SCCN1CC1CCCCC1F,-117.54,Train
O=C1[NH]CNC2C(C(F)(F)F)CCCC12,-59.99,Train
[H]C(F)(CCCCCCCC)OC(C)=O,-129.0,Train
O=C(N[C@H]1C[C@@H]1C(F)F)C1CCCCC1,-115.79,Train
FC(F)(F)C1=C(C(F)(F)F)C(C(F)(F)F)=C(C(F)(F)F)C(C(F)(F)F)=C1C(F)(F)F,-52.3,Train
CC1NOC(C)C1NC(=O)C1CCCCC1C(F)(F)F,-58.88,Train
FC(F)COC1CCC(Cl)CN1,-126.59,Train
C[Si](C)(C)F,-158.0,Train
CC1CC(C(=O)O)C(C(F)(F)F)O1,-61.73,Train
OC1(C(F)(F)F)CCN(CC2CC=CCC2)CC1,-84.34,Train
O=C(C1CCC(OC(F)F)CN1)N1CCC1,-82.9,Train
FC(F)(Br)C1=CC=CC=C1,-44.0,Train
C=CC(=C)F,-120.0,Train
CC1(C)C(C(F)(F)F)CCN1C(=O)C1CCC(O)NC1,-64.93,Train
CC1CC(CNC2CCNCC2F)C(C)O1,-151.11,Train
O=C1CC(C(F)(F)F)=NC2CCCCC2N1,-73.42,Train
COC1CCN(C2CCCC(C(F)F)C2C#N)CC1,-112.37,Train
N#CC(F)C1=CC=CC=C1,-168.0,Train
O=C(NC1CCCCC1)C(=O)N1CCCC(F)(CO)C1,-168.14,Train
CN1CCC(C(=O)N2CCCC(C(F)(F)F)C2)CC1=O,-71.47,Train
[H]/C(C1=CC=C(C)C=C1)=C(/[H])C(F)(F)F,-64.0,Train
CC(C(=O)N1C[C@@H](F)C[C@H]1CO)N1CCCN1,-170.13,Train
O=C(O)C1N[NH]CC1F,-171.91,Train
O=C(C1CCNCC1)N1CCC[C@@H]1C(F)F,-126.04,Train
CC1CCNC(N2CC(CF)C2)C1C#N,-227.37,Train
O=S(=O)(Cl)C(F)(F)F,-76.0,Train
O=S1(=O)CCC[C@@]2(C(F)(F)F)CNC[C@H]21,-73.25,Train
CC1(F)CCCN(C(=O)CC2CCCO2)C1,-151.94,Train
O=C(CC1CCCCC1C(F)(F)F)N1CCCNCC1,-59.95,Train
COC1CCNCC1NC(=O)C1(C)CC1F,-211.04,Train
CC1CCCCC1C1(C(=O)N2CCOC(C(F)F)C2)CC1,-130.73,Train
N#CCC(=O)N1CCN(CC(F)F)CC1,-119.95,Train
N#CC1CCCC(CN2CC(C(F)(F)F)C2)C1,-72.13,Train
[H]C1=C([H])N(C)N=C1F,-129.0,Train
O=C(CN1CCCN1)N1CCCC1CF,-220.05,Train
CC1CCCNC1CN1CCCC(C(F)(F)F)C1=O,-65.28,Train
O=C(O)C1CCC(C(F)(F)F)O1,-64.65,Train
CS(=O)C(F)(F)F,-80.0,Train
F/C(Cl)=C(/F)Cl,-106.0,Train
CS(=O)(=O)N1CCC(O)(C(F)(F)F)C1,-80.14,Train
FC(F)(OC1=CC=CC=C1)C1=CC=CC=C1,-66.0,Train
N#CC1CCC(CN2CCCC(C(F)(F)F)C2=O)CC1,-65.37,Train
CSC1=NC(=O)C=CN1C(F)F,-107.0,Train
CCCCC1=C(F)N(C)N=C1C,-139.0,Train
O[C@H]1CCN(C2CCCC(C(F)(F)F)N2)C1,-67.84,Train
CC1CCOC1CN1C[C@H](F)C[C@H]1C(N)=O,-170.31,Train
FC1=C(C2=CC=CC=C2)OC=C1,-165.0,Train
O=C(O)[C@@H]1CCCN[C@@H]1C(F)(F)F,-70.34,Train
C/C=C/C(C)(F)F,-84.0,Train
FCC1CCN(C2NCC(Cl)CN2)CC1,-223.15,Train
CC(C)(O)CN1CC(C(F)(F)F)CC(Cl)C1=O,-61.54,Train
O=C(N[C@H]1C[C@@H]1C(F)F)C1CNNC2CCCCC12,-116.34,Train
[H]C(=O)C1=CC=C(F)N1[H],-130.0,Train
FC1=CN=CC(F)=C1,-124.0,Train
CCOC(=O)C(F)(F)C(=O)C1=CC=CC=C1,-108.0,Train
CC1(C)C(C(F)(F)F)CCN1CC(N)=O,-65.93,Train
O=C1CCC(C(F)(F)F)NN1CC1NCCS1,-67.24,Train
OCC1CNN(CCF)C1,-221.96,Train
O=C(O)C1=CC2CCCCC2OC1C(F)F,-130.25,Train
CCC(C)(F)F,-93.0,Train
CCCC/C=C/C(F)(F)C(=O)OCC,-98.0,Train
CC(=O)N[C@H]1CCCC[C@H]1CC(F)(F)F,-63.56,Train
CN1CNNC1NC(=O)C1CCC(C(F)(F)F)CC1,-62.69,Train
O=S(=O)(C1=CC=CC=C1)C(F)(F)F,-78.0,Train
N#CCCN1CC=C(C(F)(F)F)CC1,-69.23,Train
CC1CC(C(=O)N2C[C@H](F)C[C@H]2C(N)=O)CO1,-177.96,Train
[H]/C(C1=CC=CC=C1)=C(/[H])C(F)(F)F,-63.0,Train
OC1CC(C(F)(F)F)NCN1,-70.86,Train
CC1CSC(NC(=O)NC2CNN(C)C2C(F)F)N1,-113.59,Train
CCF,-212.0,Train
CC(C)(F)C(=O)C1=CC=CC=C1,-144.0,Train
Cl.NCC1CCN(CC(F)(F)F)N1,-71.79,Train
FC1=C2C=CC=NC2=CC=C1,-123.0,Train
NC(=O)[C@@H]1C[C@@H](F)CN1,-175.22,Train
CC(O)(CN1CCNN1)C(F)(F)F,-81.44,Train
[H]C1=C(C)N(C2=CC=CC=C2)N=C1C(F)(F)F,-62.5,Train
CN(C(=O)CC(F)(F)F)C1CCC2C(C1)OCO2,-62.5,Train
FC(C1=CC=CC=C1)C1=CC=CC=C1,-163.0,Train
CC1CC(N)CNC1C(F)F,-114.81,Train
OC[C@@H]1C[C@H](F)CN1CC1CSCN1,-168.12,Train
[H]N1C=CC(F)=C1,-169.0,Train
[H]C1=CC=C(C(F)F)C=C1,-111.0,Train
FC(F)C1=NC(C2=CC=CC=C2)CO1,-124.0,Train
C=C(F)C1=CC=CC=C1,-120.0,Train
[H]C([H])=C(C(F)(F)F)C(F)(F)F,-65.7,Train
CC1CN(CC(=O)O)NC1C(F)(F)F,-61.33,Train
CC1CC2NCC(C(=O)N3CC(CC(F)F)C3)C(C)N2N1,-116.95,Train
CC1(F)CCCN(CC2CNCS2)C1,-147.98,Train
FC(F)(F)C1CCNC(N2CCCC2)N1,-70.4,Train
CSCF,-189.0,Train
FC(Cl)(Cl)Cl,0.0,Train
FC1=CC2=C(C=C1)OC1=C2C=CC=C1,-121.0,Train
FC(C1=CC=CC=C1)(C1=CC=CC=C1)C1=CC=CC=C1,-127.0,Train
CC1NOC(CN2CCC[C@@H]2C(F)F)N1,-123.65,Train
CCS(=O)(=O)NC1CCC2OC(C(F)(F)F)NC2C1,-67.04,Train
CS(=O)(=O)N1CCCC(C(F)(F)F)C1,-71.75,Train
FC(F)(Br)OC1=CC=CC=C1,-13.0,Train
NC(N)(C1=CC=CC=C1)C(F)(F)F,-66.0,Train
FC1=CCC1,-85.0,Train
CC1NC(C(F)(F)F)CCC1C(=O)N1CCNCC1,-67.74,Train
N#CC1(C(=O)N2CCC(CF)CC2)CCC1,-223.64,Train
FCOC1=CC=CC=C1,-149.0,Train
[H]C([H])=C(F)F,-81.0,Train
NC1CNCCC1C(F)(F)F,-65.2,Train
FC1(C2=CC=CC=C2)CO1,-140.0,Train
CC(=O)NC1CCCN(CC(F)(F)F)C1=O,-70.56,Train
CC(F)(F)C1=CC=CC=C1,-87.9,Train
O=C(C1=CCCC1)N1CCN2C(NNC2C(F)(F)F)C1,-62.09,Train
CCOC(=O)C(F)(Br)Br,-65.0,Train
O=C(CCC(F)(F)F)C1=CC=CC=C1,-65.0,Train
O=C(O)C1CCCN(CC(F)(F)F)C1=O,-70.6,Train
O=C1C2CCCN2C(=O)N1C1CCN(CC(F)(F)F)C1,-69.15,Train
CC(F)(F)F,-65.0,Train
FC(F)N1CCNC1CN1CCOC2(CCCC2)C1,-93.46,Train
CC1NC(CN2CCC(CF)CC2)OC1C,-222.16,Train
FC(F)(F)F,-61.7,Train
O=C(O)C1CCN(CCF)N1,-222.27,Train
FC(F)CC1=CC=CC=C1,-115.0,Train
O=S(=O)(/N=C(/Cl)C(F)(F)F)C1=CC=CC=C1,-73.0,Train
Cl.NC[C@@H]1C[C@H]1C1CCCC(C(F)(F)F)C1,-62.25,Train
FC(F)(F)C1CNC(N2CCOCC2)C(Cl)C1,-61.5,Train
CC1(C)OB(CC(F)(F)F)OC1(C)C,-58.0,Train
[H]/C(CCC)=C(/[H])CC(F)(F)F,-68.0,Train
FC(F)(F)C1NC[NH]N1,-64.49,Train
NC(=O)NC1CCC(OC(F)F)NC1,-85.82,Train
CC1NC(CNC(=O)N2CCC(C(F)(F)F)CC2)NO1,-73.36,Train
O=C(NC1CCCCC1C(F)(F)F)N1CCC[C@@H]1CO,-61.01,Train
CC1CC(CN2NC(C(F)(F)F)NC2C)NO1,-65.51,Train
FC(F)(F)C1=CSC2=CC=CC=C21,-61.0,Train
CC1=CC=C(/C(C)=C(/F)Cl)C=C1,-82.6,Train
CN(C)C(F)(F)C1=CC=CC=C1,-78.0,Train
CC1NOCC1CN1CCCC1CF,-222.48,Train
CCC1(CC)CC1(F)F,-139.0,Train
CC(C)(C)C(=O)CS(=O)C(F)(F)F,-78.0,Train
FC1(F)CCCCCCC1,-91.5,Train
N#C[C@H]1CC[C@@H](NC(=O)N2CC(F)C2)C1,-180.61,Train
CC(=O)CCC(C)(F)F,-93.0,Train
FC(F)(F)C1NCC[NH]1,-63.2,Train
FCC1=CC=CC=C1,-204.3,Train
CCC(F)C(C)C,-186.0,Train
N[C@H]1CCN(S(=O)(=O)C2CCC(C(F)(F)F)CC2)C1,-63.0,Train
CCCCC(F)(F)CBr,-99.2,Train
CC1NC(C(F)(F)F)OC1C(=O)O,-66.89,Train
CNC1CCC(OC(F)(F)F)CN1,-59.17,Train
FC(F)(F)C1=CNC2=CC=CC=C21,-68.0,Train
CCCCCC(F)(F)Br,-44.0,Train
CC1CNCCC1NC(=O)C1(CF)CCC1,-219.24,Train
C[C@@H](CO)N(C)C1CCC(F)CN1,-145.18,Train
NS(=O)(=O)C1CNCC(C(F)(F)F)C1,-62.6,Train
[H]C(F)(CCCCCCCC)OS(C)(=O)=O,-119.0,Train
FC(F)(F)C1CNCC(CN2CCNC2)C1,-62.5,Train
CC1N[NH]C(C)C1CN[C@@H]1CCCC[C@H]1F,-176.72,Train
OC[C@@H]1C[C@H](F)CN1CC1=CCCOC1,-167.79,Train
FC(F)(F)C1CSC(N2CCNCC2)N1,-64.72,Train
CC1(C)CN(C2CCNC(C(F)(F)F)C2)CCO1,-67.93,Train
CC(F)(Cl)Cl,-44.0,Train
CCCCCCCCCCCCSCF,-184.0,Train
FC(F)(F)C1CNC2[NH]NNC2C1,-59.97,Train
CC1NC(CN2CCC(C(F)(F)F)CC2)SC1C,-73.49,Train
O=C(NC1CCCCC1C(F)(F)F)N1CCCCN1,-61.05,Train
CCOC(=O)CC(N)C(F)(F)F,-79.0,Train
NC(=O)[C@@H]1C[C@@H](F)CN1C(=O)C1CCCC2CC[NH]C12,-177.51,Train
O=C(NC1CCCNC1)NC1CCCCC1C(F)(F)F,-60.44,Train
CC1(F)CC(NC(=O)C2CCCO2)C1,-138.05,Train
CCCCC(C)C(F)(F)F,-74.0,Train
CC1OCCC1C(=O)NC1CC(C)(F)C1,-138.01,Train
OC(C1=CC=CC=C1)C(F)(F)F,-79.0,Train
F[C@@H]1CCCC[C@H]1NCC1CSNN1,-176.19,Train
O=C(O)C1OCNC1C(F)F,-116.56,Train
FC(F)(F)C1=CC=CS1,-55.0,Train
FC(F)(F)C1=NC=CC=C1,-68.0,Train
NC1CCC(C(F)(F)F)CC1N,-59.62,Train
CN(C)C(=O)CN1CCCCC1C(F)F,-123.04,Train
CC(F)CCN1CCC(O)CC12CCC2,-172.33,Train
CC1NC(CN2CCCC(C(F)(F)F)C2=O)SC1C,-65.33,Train
FC1=NC2=CC=CC=C2C=C1,-63.0,Train
O=C(C1CC=CC1)N1C[C@@H](F)C[C@H]1CO,-166.76,Train
CC1NNNN1CC1CCCC(C(F)F)C1,-110.54,Train
O=C(C1SCCC1OC(F)F)N1CCCC1,-83.43,Train
CC1ONCC1CN1CCCC1C(F)(F)F,-74.82,Train
CC1CNN(CCNC(=O)N2CC(F)C2)C1,-180.63,Train
CC(C)(C(=O)O)[C@@H]1CCC[C@H](C(F)(F)F)N1,-76.06,Train
CC1NNC(CN2CC(C(F)(F)F)CC(Cl)C2=O)O1,-62.33,Train
CCCCCCCCC(F)N1N=NC2=C1C=CC=C2,-139.0,Train
[H]C(=O)C(F)C1=CC=CC=C1,-191.0,Train
NC1NCC(C(F)(F)F)S1,-54.77,Train
FC1=CN=CN=C1,-137.0,Train
CC1(C(=O)N2CCOC(CF)C2)COC1,-232.29,Train
O=C(NCC(F)(F)F)C1=CC=CC=C1,-71.0,Train
[H]/C(C1=CC=CC=C1)=C(/F)C(=O)OCC,-126.0,Train
O=C(NCC(F)F)C1CC2N(N1)CCCC2,-123.29,Train
FCCBr,-212.0,Train
FC1=C(F)C(F)=C(F)C(F)=C1F,-162.0,Train
CC(C)C1ONC(C(F)(F)F)C1C(=O)O,-63.27,Train
F/C=C/OC1=CC=CC=C1,-156.0,Train
CS(=O)(=O)NC1CCCC(C(F)(F)F)C1,-72.66,Train
CC1=CC=C(C2=C(C(F)F)C=CO2)C=C1,-106.0,Train
FC(F)(F)C1=CC=CN1,-59.0,Train
CCOC(=O)CC(F)(F)F,-65.0,Train
[H]C#C/C(C1=CC=CC=C1)=C(/[H])C(F)(F)C(=O)OCC,-95.0,Train
O=C(COC(F)F)N1CCC2CCCCC21,-84.26,Train
CCOC(=O)C(F)(F)Br,-61.3,Train
O=C(CN1CC(C(F)(F)F)CCC1=O)N1CCOCC1,-62.24,Train
COCCC(F)(F)F,-66.0,Train
FC(F)(F)C1(C2=CC=CC=C2)NN1,-76.0,Train
FC(F)(F)C1=CC=CC(C(F)(F)F)=C1,-63.3,Train
FC(F)(F)C1=CSC=C1,-60.0,Train
CC1(C)CN(CC(O)C(F)(F)F)CC1O,-78.82,Train
O=C(O)CC1SC2CCC(C(F)(F)F)CC2NC1=O,-62.36,Train
CC1CC(CN2CCC[C@@H]2C(F)F)ON1,-124.63,Train
FC(F)(I)CCI,-39.0,Train
CCC(C)F,-173.0,Train
[H]/C(C(=O)OC)=C(/F)CCCC,-76.0,Train
CC1(C)CN(C(=O)C2CCNCC2C(F)(F)F)CCO1,-60.22,Train
CC1(F)CCN(C(=O)C2CCOC2)C1,-142.01,Train
CC1(F)CCCN(CC(=O)N2CCC2)C1,-148.24,Train
O=C(N[C@@H]1CCCC[C@H]1F)C1CC1,-175.9,Train
C/C=C/F,-130.0,Train
CC(F)(F)Cl,-46.0,Train
CC1CC(C(F)(F)F)NN1CCC#N,-61.96,Train
FC(F)(F)C1=CC=CC2=CC=CC=C21,-60.0,Train
CC1CC(C(=O)O)C(C)N1CC(F)(F)F,-70.11,Train
O=C1NCCNC1(O)C(F)(F)F,-80.82,Train
FC(F)(SC1=CC=CC=C1)C1=CC=CC=C1,-72.0,Train
CCCCSCC(F)(F)F,-69.0,Train
CCCCSC(F)(F)F,-48.0,Train
O=C(NCC1CCCO1)N1CCC(O)(C(F)(F)F)CC1,-84.4,Train
OC1CCC(NC2NCC(C(F)(F)F)CC2Cl)CC1,-60.9,Train
FC(F)(F)C#CC(F)(F)F,-53.0,Train
F/C=C/Cl,-128.0,Train
CC1CCCC(C(=O)NC2CCC(C(F)(F)F)CC2)N1,-73.64,Train
CC(N1CCN(S(C)(=O)=O)CC1)C(F)(F)F,-71.02,Train
FC1=CC2=C(C=C1)C1=C(C=CC=C1)O2,-114.0,Train
FC(F)(F)C1=NC2=CC=CC=C2S1,-62.0,Train
CC1NN(CC(F)F)CC1C(=O)O,-123.95,Train
CCCC(F)F,-116.0,Train
F/C(Br)=C/C1=CC=CC=C1,-66.0,Train
FC(F)C1=NC2=C(C=CC=C2)N1,-115.0,Train
CC(C)(N)C(=O)N1CCN(C(=O)CC(F)(F)F)CC1.Cl,-62.7,Train
CC1CN(C(N)=O)CCN1CC(F)(F)F,-68.55,Train
[H]/C(C(=O)CC)=C(/F)CCCC,-78.0,Train
Cl.N[C@@H]1CC2CCCCC2O[C@H]1C(F)(F)F,-75.1,Train
N#CC1CCC(C(=O)N2CCN(CC(F)(F)F)CC2)CC1,-67.97,Train
CC(=O)CC(C)(F)F,-98.0,Train
C[Si](C)(C)OS(=O)(=O)C(F)(F)F,-78.0,Train
CCC1NCCN1CC(F)F,-124.04,Train
CC(=O)N1CCOC2CCC(C(F)(F)F)CC21,-61.35,Train
CC(F)C(C)F,-187.0,Train
CCCCOCC(F)(F)F,-75.0,Train
O=S(=O)(OCF)C1=CC=CC=C1,-154.0,Train
O=C(NCCC1CCCS1)N1CC(F)C1,-180.63,Train
C[Si](C)(C)C(F)(F)Cl,-58.0,Train
O=C1CCCC1F,-194.0,Train
CC(C)NC(=O)N1C[C@@H](F)C[C@H]1CO,-169.34,Train
F/C=C/Cl,-131.0,Train
[H]C(F)(SCC)C(=O)OCC,-163.0,Train
FC1=CC=CN=C1,-126.0,Train
O=C(O)C1CNN(CC(F)F)C1,-124.0,Train
CC1(C)CN(CC(O)C(F)(F)F)CC2(CCCC2)O1,-78.51,Train
COC1=CC=C(F)C=C1,-125.2,Train
FC(F)(F)C1=CC=CC=C1,-63.0,Train
FC(F)(F)C1=NC2=CC=CC=C2N=C1,-67.0,Train
O=C1NCCN1C1CCCC(C(F)(F)F)C1,-62.45,Train
FC(F)(F)C1=CC(Cl)=NC=C1,-65.0,Train
CC1(NC(=O)NC2CCNCC2F)CCOCC1,-145.44,Train
CCC(F)CC,-183.0,Train
FC(F)(F)C1=CCN(C2CNCCN2)CC1,-69.28,Train
FC1=CC=C2N=CC=CC2=C1,-114.0,Train
CC1CC(C)N2NCC(C(=O)NCC(F)(F)F)C2N1,-71.6,Train
FC1=NC=CN=C1,-80.0,Train
CC1NCC(C(F)(F)F)CC1C(=O)O,-62.68,Train
CCCCCC/C=C(/F)CCCCCC,-111.0,Train
FC(F)(F)C1CCNN1C1CCCNC1,-61.43,Train
CCCCC1=C(C2=CC=CC=C2)NN=C1F,-133.0,Train
OCC1CCN(C2NC(C(F)(F)F)CS2)CC1,-64.75,Train
CC1CC2N(N1)CC(C(F)(F)F)CN2,-70.4,Train
FC(F)(F)C1=CC(C(F)(F)F)=C(C(F)(F)F)C=C1C(F)(F)F,-60.3,Train
CC(=O)OC/C=C/F,-123.0,Train
CC1=CC=C(F)C=C1,-119.2,Train
CCN1CNCC1CN1CCCC(C)(F)C1,-147.63,Train
CC(O)(CN1CCNC(=O)C1)C(F)(F)F,-81.77,Train
Cl.O=C(O)C1CCN(CC(F)F)CC1,-120.31,Train
O=C(NC1CNC2C(C1)COCC2)C1CCC(C(F)F)O1,-116.22,Train
CN1CC(C(F)(F)F)NN1,-61.06,Train
CCOC(=O)C(F)(F)C1=CC2=C(C=CC=C2)O1,-105.0,Train
[H]/C=C(/F)Br,-61.0,Train
CNC(=O)CC1CCC(C(F)(F)F)CC1,-71.56,Train
CN(C)C(=O)C1C[NH]C(C(F)(F)F)C1,-59.53,Train
FC(F)(F)C1=CC=NC=C1,-65.0,Train
O=S(=O)(OS(=O)(=O)C(F)(F)F)C(F)(F)F,-72.0,Train
O=S(=O)(C1=CC=CC=C1)C(F)(F)C1=CC=CO1,-102.0,Train
O=C(C1CCC(=O)[NH]N1)N1CCCC(C(F)(F)F)C1,-71.61,Train
CCOC(=O)CC(F)F,-117.0,Train
FC(F)(F)CBr,-69.3,Train
C/C=C/F,-128.0,Train
O=C(C1CC=CC1)N1CCC(C(F)(F)F)C2(CCC2)C1,-63.05,Train
CC1CC(C)CN(C(=O)C2CCC(C(F)(F)F)CN2)C1,-62.62,Train
O=S(=O)(C1=CC=CC=C1)C(F)(F)C1=CC=CS1,-93.0,Train
F/C(Cl)=C(/F)Cl,-120.0,Train
O=C1CC(C(F)F)NCN1C1C=CCCC1,-122.63,Train
CC1[NH]NC(C(F)(F)F)C1Cl,-62.35,Train
CC1NCCN1CC(C)(O)C(F)(F)F,-81.48,Train
FC(F)(F)CCl,-72.1,Train
N#CC1CNN(-C2CCC(C(F)(F)F)CC2)C1N,-62.21,Train
CN1NC(C(F)(F)F)CC1CO,-61.68,Train
O=C(C1CCC(OC(F)(F)F)CC1)N1CCOCC1,-57.79,Train
O=C(Cl)C(F)(F)F,-76.0,Train
FC(F)SC1=NC2=C(C=CC=C2)N1,-92.0,Train
CC(=O)C(C)F,-190.0,Train
CC(C)(N)C1CC(C(F)F)ON1.Cl,-118.64,Train
O=C(C1CCCS1)N1CCOC(CF)C1,-232.42,Train
[H]/C(=N/C1=CC=CC=C1)C(F)(F)F,-71.0,Train
[H]/C(=N/O)C(F)(F)F,-65.5,Train
[H]C(F)(CCCCCCCC)OC1=CC=CC=C1,-121.0,Train
O=C(NC1CCNCC1F)N[C@@H]1C[C@H]1CO,-144.9,Train
CN(C)C(=O)C(F)(F)I,-51.0,Train
CC(C)(F)F,-84.5,Train
CCOC(F)(F)C(=O)C(C)C,-83.0,Train
CC1(C)COCC1NC(=O)C1CC(F)C[NH]1,-163.86,Train
N#CC1(CN2C[C@@H](F)C[C@H]2CO)CC1,-167.54,Train
FC(F)(F)Br,-5.0,Train
CCCC(=O)C(F)CCC,-193.0,Train
CC1CC(CN2NC(C(F)(F)F)CCC2=O)NO1,-67.29,Train
O=C(O)C1CC(C(F)F)[NH]N1,-112.99,Train
O=C(O)[C@@H]1CC=CC[C@H]1C(F)(F)F,-71.12,Train
CC1CC(C(=O)NC2(C(F)F)CC2)OC1C,-120.61,Train
[H]/C(C(=O)CC)=C(/F)CCCC,-82.0,Train
CC1NC(C(F)(F)F)CCC1O,-65.61,Train
O=[N+]([O-])C1=CC=C(OC(F)F)C=C1,-79.3,Train
N#CCC(=O)N1CC=C(C(F)(F)F)CC1,-69.38,Train
O=[N+]([O-])C1=CC=C(F)C=C1,-103.6,Train
CC1NC(CN2CCCC(C(F)(F)F)C2=O)NO1,-65.9,Train
CC(F)(F)CO,-96.1,Train
O=C(NCC(F)(F)F)C1CCC2CCCCC2N1,-71.74,Train
COC(=O)C(F)(F)C1=CC=CC=C1,-104.3,Train
O=S(=O)(O)C(F)(F)F,-80.0,Train
CN(C)C(=O)C(F)(F)Br,-54.0,Train
CC(=O)C(F)(F)F,-81.0,Train
CN1CCC(C(=O)N2C[C@@H](F)C[C@H]2CO)C1,-167.76,Train
FC(F)N1C=CN=C1,-93.0,Train
CC1NC(-C2CCC(C(F)F)CC2)SC1C(=O)O,-111.59,Train
O=C(N[C@@H]1CCCOC1)C1CC(F)C[NH]1,-163.94,Train
Cl.N#CC1CCCNC1N1CC(CC(F)F)C1,-116.53,Train
CC1=C2C(F)=CC=CC2=CC=C1,-113.0,Train
CCC(F)C1=CC=CC=C1,-176.0,Train
O=C(NC1(C(F)F)CC1)C1CCNCC1,-120.82,Train
CCC(=O)CC(F)(F)C1=CC=CC=C1,-96.0,Train
CCOP(=O)(OCC)/C(F)=C/C(C)N(CC1=CC=CC=C1)CC1=CC=CC=C1,-127.0,Train
O=C(O)[C@@H]1CCCC[C@H]1C(F)(F)F,-71.64,Train
CCC1COCCN1C(=O)NC1CCCC(C(F)F)C1,-110.11,Train
CC1CCC(CNC(=O)N2CC(F)C2)S1,-180.61,Train
CC1NCN(CC2NCCN2C(F)F)C1C,-93.0,Train
CC(=O)C(F)(F)C(C)=O,-115.0,Train
CC1CNC(CN2C(C(F)(F)F)CSC2=O)CN1,-63.44,Train
CCCCC(C)F,-172.0,Train
CC1CC(N2CCCC(F)C2)NCN1,-184.31,Train
NC1CCCC(OCC(F)F)N1,-126.56,Train
FC(F)(F)C1=CC=CN=C1,-62.0,Train
O=[N+]([O-])C1=CC=C(C(F)F)C=C1,-113.0,Train
C[C@@H]1OC[C@H](C(F)(F)F)[C@H]1C(=O)O,-71.14,Train
CC1CCC(NC(=O)N2CC[C@H](O)C2)CC1C(F)(F)F,-61.61,Train
O=C(NC1CCCCC1C(F)(F)F)C1CCCCN1,-69.73,Train
NC(=O)[C@@H]1C[C@@H](F)CN1C(=O)C1CCC2CC[NH]C2C1,-177.73,Train
CCCCCCC(=O)CCC(F)(F)F,-67.0,Train
CN1CCC(NC(=O)C2CCCCC2C(F)(F)F)N1,-59.08,Train
FCC1=CC=C(Cl)C=C1,-208.0,Train
FCCCl,-220.0,Train
FC1=CC=CC2=CC=CC=C12,-124.0,Train
CC1CCCC(C(=O)N2CCN(CC(F)F)CC2)C1,-119.88,Train
OC/C=C/F,-126.0,Train
CC1CC(C(=O)N2CC(O)(C(F)F)C2)NS1,-134.57,Train
[H]/C(CCCC)=C(/[H])C(F)(F)F,-65.0,Train
CC1(F)CCCC1,-135.0,Train
CCOC(=O)C(F)(Br)OC1=CC=CC=C1,-58.0,Train
CC1CNC2C(F)CCCC2C1.Cl,-136.57,Train
FCC1CN(C2NC(C3CC3)NS2)C1,-228.77,Train
FC(F)C1=CC2=CC=CC=C2O1,-115.0,Train
[H]C1=C(F)OC(F)=C1[H],-123.0,Train
FC(F)P(C1=CC=CC=C1)C1=CC=CC=C1,-117.0,Train
CCNC(=O)C(F)(F)F,-74.0,Train
CN1CCC(C(F)(F)F)N1,-61.51,Train
CC(F)(F)C1=C(Cl)C2=CC=CC=C2N1,-87.0,Train
CC1C(C(F)(F)F)N[NH]C1CO,-61.3,Train
CN1CNC(C(=O)N[C@@H]2CCCC[C@H]2F)C1,-176.06,Train
O=C1CC(C(F)(F)F)CN[NH]1,-65.95,Train
O=C(NC1CCCNC1)[C@H]1C[C@@H]1C(F)F,-116.24,Train
FC1CCC(N2CCSCC2)NC1,-141.94,Train
CC1CSCC1C(=O)N1CC(CF)C1,-228.51,Train
CCCCCCCCC(F)(F)Cl,-49.0,Train
CCCCC(F)(F)CI,-94.9,Train
OC1NCN(-C2CCC(C(F)(F)F)CC2)N1,-61.7,Train
CC1CCN(C(=O)NC2NC(C(F)(F)F)CS2)C1,-64.19,Train
FC1=CC=CS1,-135.0,Train
CN1NC(C(=O)O)C(Cl)C1C(F)(F)F,-59.85,Train
[H]C1=C(C)ON=C1C(F)(F)F,-60.0,Train
OC/C=C(/F)C1=CC=CC=C1,-118.0,Train
CC(=O)OC/C=C/F,-125.0,Train
FC(F)(F)C1=NC2=CC=CC=C2C=C1,-68.0,Train
FC(Cl)(Cl)CC1=CC=CC=C1,-56.0,Train
FC(F)(F)C1=CC=CO1,-64.0,Train
Cl.FC(F)(F)C1CCC(OC2CCNC2)NC1,-61.42,Train
O=C([O-])CC1CC(C(F)(F)F)CCN1.[Na+],-64.75,Train
FC(F)CCC1=CC=CC=C1,-117.0,Train
FC(F)OC1=CC=C(Cl)N=C1,-82.0,Train
O=C1CC(C(F)(F)F)[NH]N1CC1CCC(Cl)CC1,-62.64,Train
CC(F)C1=CC=CC=C1,-167.0,Train
CC1CCC(CC(=O)N2C[C@H](F)C[C@H]2C(N)=O)CN1,-177.57,Train
CNC(=O)N1CC(=O)N(CC(F)(F)F)C1,-70.08,Train
CN(C)C(=O)CC(F)(F)F,-63.0,Train
CCN1NCC(C(=O)O)C1C(F)(F)F,-61.12,Train
CCN1C(=O)NC(C2CCCCC2)(C(F)(F)F)C1=O,-74.29,Train
FC(F)(Cl)C1=CC=C(C(F)(F)Cl)C=C1,-50.0,Train
CN1CCNC1CN[C@@H]1CCCC[C@H]1F,-176.34,Train
OCCCCF,-216.0,Train
N#CC1CCC(N2CCOC(CF)C2)CC1,-231.5,Train
O=C(C1=CC=CC=C1)C(F)(F)Br,-58.0,Train
O=[N+]([O-])C(F)(F)CCC1=CC=CC=C1,-87.0,Train
CC1CN(C(=O)C2CCC(C(F)(F)F)CC2)C(C)CO1,-62.6,Train
CC1CCCC(NC(=O)[C@H]2C[C@@H]2C(F)F)C1,-116.74,Train
FC(F)N1C=NC2=CC=CC=C21,-96.0,Train
CCCCCCCCC(F)F,-116.0,Train
CC1CCCC(C(=O)NC2(C(F)F)CC2)N1,-120.64,Train
FC1CCCCC1,-175.0,Train
CC1CC(N2CCCC(CC(F)(F)F)C2)CCN1,-63.17,Train
Cl.FC(F)(F)C1CC2N(N1)CCNC2,-61.75,Train
CC1=C(OC(F)F)CCC1,-82.0,Train
[H]C1=NN(C)C(F)=C1[H],-136.0,Train
CCCCOCC(F)(F)CC,-107.5,Train
[H]/C(F)=C(/C)CCCCCCCCCCC,-137.0,Train
FC(F)(F)C1=NNC2=CC=CC=C21,-60.0,Train
CCCCF,-219.0,Train
CNC(=O)CN1CC=C(C(F)(F)F)CC1,-69.2,Train
O=C(NC1CC1)C1CC1(F)C1CCCCC1,-153.74,Train
[H]C1=C(CCC2=CC=CC=C2)OC(C(F)(F)F)=C1[H],-65.0,Train
CC1=CC(F)=NC(C)=N1,-63.0,Train
O=C(O)CC(F)(F)F,-64.0,Train
CC(C(=O)O)N1CCC(C(F)(F)F)N1,-61.81,Train
CC1C(NC(=O)N2CCOCC2)CCCC1OC(F)F,-81.06,Train
CC1(C2CCC(C#N)CC2)NC(=O)N(CC(F)(F)F)C1=O,-70.81,Train
[H]/C(CCCCCCC)=C(/F)C(=O)OCCCC,-130.6,Train
CN1NCCC1C(F)(F)F,-60.95,Train
NC1NC2C(C(F)(F)F)CCCC2S1,-61.32,Train
FC(F)OC1=NC(Cl)=CC=C1,-89.0,Train
FC(F)(F)C1CC1,-84.0,Train
CCCCCCCCC(F)(F)CN,-107.8,Train
CS(=O)(=O)C(F)(F)F,-81.0,Train
CC1CCC(CN2CCC(O)(C(F)(F)F)CC2)O1,-84.33,Train
O=C(C1CC=CCC1)N1CC(CC(F)F)C1,-116.84,Train
O=C(C1CCCCC1OC(F)F)N1CCOC2(CCC2)C1,-82.86,Train
NCC(F)(F)C1=CC=CC=C1,-106.5,Train
CC1CN(CC(O)C(F)(F)F)CC(=O)N1,-78.68,Train
CC1(NC(=O)NC2CCNCC2F)CCC1,-145.43,Train
CC1N[NH]CC1CN1CCC[C@@H]1C(F)F,-125.08,Train
FC(F)C#CC1=CC=CC=C1,-106.0,Train
CNC1NC(C(F)(F)F)CO1,-64.86,Train
FC(F)C1CCC(CN2CNCN2)CC1,-110.3,Train
O=C(NC1CCC2[NH]C(C(F)F)NC2C1)C1(O)CCCC1,-116.68,Train
N#CC1CCCC(NC(=O)N2CCCC(C(F)(F)F)C2)C1,-71.56,Train
FC(F)C1NNC(N2CCCCC2)S1,-109.66,Train
O=C1NC2(CCC3CCCCC32)C(=O)N1CC(F)(F)F,-70.84,Train
CCC1=C2C(F)=CC=CC2=CC=C1,-114.0,Train
O=C(C1=CCCCC1)N1CC(CC(F)F)C1,-116.77,Train
CCOC1CCC2C(C1)CN(C(=O)[C@H]1C[C@H](F)CN1)CC2,-173.58,Train
O=S(=O)(O)C(F)F,-121.0,Train
O=C(C1CC=CC1)N1CC(CC(F)F)C1,-116.82,Train
N#CC1CCCC(CN2CC(C(F)(F)F)CCC2=O)C1,-62.18,Train
CC1=NC=C(F)C=N1,-142.0,Train
CN1CC(CN[C@@H]2CCCC[C@H]2F)NN1,-176.41,Train
Cl.FC(F)(F)[C@]12CCC[C@H]1CNC2,-74.53,Train
[H]C1=NNC([H])=C1F,-181.0,Train
COC1CCCC(C(=O)N[C@@H]2CCC[C@@H]2F)C1,-189.14,Train
O=C1C(C(F)(F)F)CCCN1CC1CCC1,-65.24,Train
CCCCCCC(=O)C(F)(F)Cl,-85.0,Train
NC(=O)C1CC1C1CCCC(C(F)(F)F)C1,-62.22,Train
O=C(C1CCCCC1OC(F)F)N1CCSCC1,-82.15,Train
FCCF,-226.0,Train
CCOC(=O)C(F)(F)C1=NC2=CC=CC=C2C=C1,-105.0,Train
C=C(F)CCCC,-95.0,Train
CC(C)(C)C(F)(F)F,-81.0,Train
NS(=O)(=O)C1CNN(-C2CCCC(C(F)(F)F)C2)C1,-62.57,Train
CC1CN(C(=O)C2(C(F)(F)F)CCC2)C1,-74.65,Train
O=C1CCCCC(C(F)(F)F)N1,-75.32,Train
CC1NN(C)CC1-C1CSC(CC(F)(F)F)N1,-65.2,Train
[H]C(F)(OCC)C(=O)OCC,-133.0,Train
FC(F)(F)C1CCCNC1N1CCC2(CCCOC2)C1,-54.96,Train
CC1(C(=O)NC2CC(C(F)(F)F)C[NH]C2=O)CCCC1,-62.0,Train
FC1(F)CCCCC1,-97.0,Train
C=CF,-113.0,Train
FC(F)(Br)C1=CC=C(C(F)(F)Br)C=C1,-46.0,Train
[H]/C(C1=CC=CC=C1)=C(/F)C(=O)OCC,-118.0,Train
FC(F)(OC1=CC=CC=C1)SC1=CC=CC=C1,-43.0,Train
O=C(NCC(F)(F)F)C1CSC2CCCCC2O1,-72.0,Train
COC1CCCC(C2(N)CCOCC2)C1F.Cl,-135.16,Train
O=S(=O)(CF)C1=CC=CC=C1,-211.0,Train
FC(F)C1CNC(NC2CC23CC3)NC1,-110.71,Train
CN1C2=CC=CC=C2C=C1C(F)F,-109.0,Train
[H]/C(C(=O)O)=C(/F)CC,-73.0,Train
CCOC(=O)CF,-230.0,Train
CC12CCC(=O)N1C(C(=O)NCC(F)(F)F)CS2,-71.99,Train
CC1NCCC(N(C)CC(F)F)N1,-122.21,Train
CC1SCCC1C(=O)N1CCCC1CF,-225.87,Train
C#CC1=CC=C(C(F)(F)F)O1,-62.0,Train
O=C(CC1(O)CCC1)N[C@@H]1CCCC[C@H]1F,-176.18,Train
C[C@@H]1CC=CC[C@H]1C(=O)NC1(C(F)F)CC1,-120.97,Train
FC(F)(F)C1=NC=CN=C1,-67.0,Train
FC(F)(F)COC1=CC=CC=C1,-75.0,Train
N#CC1CCCC(C(=O)N2CCC(C(F)(F)F)CC2)C1,-73.58,Train
NC(=O)[C@@H]1C[C@@H](F)CN1C(=O)C1CCC2CNCN2C1,-177.79,Train
NC1NNC(CC(F)(F)F)S1,-65.27,Train
O=C1CC[NH]C(C(F)(F)F)N1,-71.37,Train
N#CC1=CC=C(CF)C=C1,-215.7,Train
CC1NOCC1CN[C@@H]1CCCC[C@H]1F,-176.07,Train
CCOC(=O)C(C)(F)F,-100.0,Train
OCC1NC(-C2CCCCC2C(F)(F)F)NS1,-58.25,Train
[H]C(F)(CCCCCCCC)SC(=S)OCC,-154.0,Train
CC1NOC(C)C1C(=O)NC1CCCC(C(F)(F)F)C1,-62.5,Train
FC1=CC=NC=C1,-103.0,Train
CCN(CCF)C1=CC=CC=C1,-193.0,Train
CCCC(C)(C)F,-137.0,Train
CN1C=CN(C(F)F)C1=S,-100.0,Train
CC1CNCC(CNC(=O)N2CC(F)C2)C1,-180.66,Train
CC(=O)NC1CCCC2CC(OC(F)F)CCC21,-81.76,Train
[H]/C(=C(/[H])C(F)(F)F)C(F)(F)F,-60.6,Train
[N-]=[N+]=NC(F)(F)C(=O)C1=CC=CC=C1,-78.0,Train
O=S(=O)(C1CCCC(C(F)(F)F)C1)N1CCNCC1,-62.68,Train
COC(F)(F)C1=CC=CC=C1,-72.0,Train
F/C(Br)=C/C1=CC=CC=C1,-68.0,Train
CC1(CNC(=O)N2CC(F)C2)CCOC1,-180.69,Train
O=C(NCC(F)F)N1CCC(C2CCCCC2)CC1,-123.61,Train
FC1=CC2=CC=CC=C2N=C1,-129.0,Train
O=C(O)C1(C(F)(F)F)CCNC1,-71.98,Train
CC(=O)CF,-226.0,Train
COCC(=O)N1CCSC2CCC(C(F)(F)F)CC21,-62.06,Train
CCCF,-219.0,Train
CC(O)(CN1CCNC1)C(F)(F)F,-81.4,Train
CC1(C(=O)N2CC(CC(F)F)C2)COC1,-117.16,Train
CN(C)C(=O)C(F)F,-122.7,Train
CCC(=O)N1CCOC(C2CCC(C(F)(F)F)CC2)C1,-62.28,Train
O=C(C1CCC2[NH]CNC2C1)N1CCCC(C(F)(F)F)C1,-71.52,Train
FC(Cl)=C(Cl)Cl,-80.0,Train
O=C(N1CCCO1)C12CC3CC(CC(F)(C3)C1)C2,-126.31,Train
O=C(O)C1CNCC(C(F)F)C1,-113.39,Train
NC(=O)C1(C2CCC(C(F)(F)F)CC2)CC1,-61.86,Train
CCOP(=O)(OCC)C(F)(F)C1=CC=C(C)C=C1,-109.0,Train
N#CC1CNN(CC2NCCN2C(F)F)C1,-93.21,Train
CC1C(Cl)C(C(F)F)NN1CC(=O)O,-115.72,Train
O=S(C1=CC=CC=C1)C(F)(F)F,-75.0,Train
CS(=O)(=O)NC1CCN(CC(F)(F)F)C1,-69.22,Train
CC1CCCCC1CC(=O)N1CCC(O)(C(F)(F)F)C1,-80.44,Train
O=C(NC1CCCC(OC(F)F)C1)N1CCSCC1,-81.74,Train
COC1=CC=C(/C=C/CF)C=C1,-208.0,Train
CC1=CCCN(CC2NC(C(F)F)NO2)C1,-121.22,Train
N=C(Cl)C(F)(F)F,-72.0,Train
[H]/C(CCCCCC)=C(/[H])C(F)(F)F,-65.0,Train
FCF,-148.0,Train
C=CC(F)(F)I,-42.0,Train
O=C(O)C(F)(F)S(=O)(=O)O,-110.8,Train
CC1=NC(F)=NC(Cl)=C1,-44.0,Train
CN1CNCC1CCN1CCCC(C)(F)C1,-148.15,Train
CC1NNNN1CC1CCC(C(F)F)CC1,-110.52,Train
CC(=O)OCC(F)(F)C1=CC=CC=C1,-105.0,Train
N#CC1(NC(=O)C2CCCC(C(F)(F)F)C2)CCOCC1,-62.51,Train
CC1=CC=C(/C(C)=C(/F)Cl)C=C1,-81.5,Train
FCSC1=CC=CC=C1,-180.0,Train
O=C(NC1CCCC(C(F)(F)F)C1)N1CCOCC1,-71.62,Train
CCN1NCC(C(=O)N2CC[C@@H](N)C2)C1C(F)(F)F.Cl,-60.84,Train
CC1NC(C(F)(F)F)CCC1N,-65.72,Train
CC1CC(C(F)F)NN1C(C)C(=O)O,-111.86,Train
NC1NC2C(OC(F)F)CCCC2S1,-81.81,Train
FC1=CCCCC1,-101.0,Train
CCCCCC(F)(F)P(=O)(OCC)OCC,-112.0,Train
NC(=O)NC[C@H]1CCCC[C@H]1C(F)(F)F,-66.84,Train
CC1=NN(C2CCC(C(F)(F)F)CN2)C(=O)C1,-61.76,Train
[H]C1=C(C(F)F)N(C2=CC=CC=C2)N=C1C1=CC=CC=C1,-110.0,Train
O=C(NC1(C(F)(F)F)CCC2CCCCC21)[C@@H]1CCCO1,-78.35,Train
[H]C([H])=C([H])F,-113.0,Train
CN1C(=O)CNC2CCC(C(F)(F)F)CC21,-60.7,Train
CCCC(O)C(F)CCC,-191.0,Train
CCCCCCCCC(F)Br,-131.0,Train
NC1NNC(-C2CCCC(C(F)(F)F)C2)S1,-62.61,Train
CCCC[Si](F)(CCCC)CCCC,-171.0,Train
CCN(C)C(=O)N1C[C@H](F)C[C@H]1C(N)=O,-178.06,Train
CC1(F)CCN(C(=O)C2CCSN2)C1,-141.69,Train
CC1CC(C(=O)NC2(C(F)F)CC2)N(C)N1,-120.71,Train
CC1(C)CN(C(=O)CC(F)(F)F)C2CCCCC2O1,-62.33,Train
FC(F)(F)Cl,-28.0,Train
O=C(CC1CCOC1)N1CCC[C@@H]1C(F)F,-125.54,Train
CC1CCNC(N2CCC[C@@H]2C(F)F)N1,-125.09,Train
[H]C(F)(Br)CC(C)=O,-135.0,Train
CC1CN(CC(O)C(F)(F)F)CCCO1,-78.84,Train
CCCCCCCCC1=CC=C(F)O1,-118.0,Train
CC(C)(C)CF,-223.0,Train
O=C1CSC(C(F)(F)F)CN1,-70.48,Train
CCCCCCCCC(F)C#N,-179.0,Train
CN1CCCC1CN1CCOC(CF)C1,-230.69,Train
CC1COC2CCC(C(F)(F)F)CC2N1,-61.31,Train
NC1CC(CN2CCC[C@@H]2C(F)F)CCN1,-124.77,Train
COC(=O)C(F)F,-127.3,Train
FCC1=CC2=CC=CC=C2C=C1,-202.0,Train
CCCCCC/C=C(/F)CCCCCC,-106.0,Train
O=C(N[C@@H]1CCCC[C@H]1F)C1CC[NH]N1,-176.03,Train
O=C(OCC(F)(F)F)C1=CC=CC=C1,-73.0,Train
CS(=O)(=O)N1CCN(C(=O)CC(F)(F)F)CC1,-62.65,Train
CCCCC/C=C/C=C/C(F)(F)F,-64.0,Train
CC(=O)NC1(C2NOC(C(F)(F)F)N2)CCCCCC1,-65.76,Train
CN1CCC(C(=O)NC2CC(O)(C(F)(F)F)C2)N1,-84.1,Train
FC(F)(F)C1=CC2=CC=CC=C2S1,-57.0,Train
CC1N[NH]CC1C(F)(F)F,-56.4,Train
CC(C)/N=C(/C1=CC=CC=C1)C(F)F,-118.0,Train
FC(F)C1=NC2=CC=CC=C2C=C1,-111.0,Train
CCC1CCN(C(=O)C(C)C(F)(F)F)C1,-69.36,Train
CC1NN(-C2CCCCC2Cl)C(C(F)F)C1C(=O)O,-111.53,Train
CCC(F)C(=O)N(C)C,-187.0,Train
O=C(NCC(F)F)C1CCC2CC[NH]C2N1,-123.08,Train
O=C(O)C1CCNN1C(F)F,-96.91,Train
N#CC(F)(F)C1=CC=CC=C1,-83.5,Train
CCCCCCCCC1=CC=C(F)N1C,-143.0,Train
OCCC1CCCNC1C(F)(F)F,-63.02,Train
CC(C)(O)C1CCCN1C1CCC(C(F)(F)F)CN1,-60.85,Train
CC1CNC(C(C)N2CCC(C(F)(F)F)CC2)O1,-73.52,Train
O=C(CN1CCCN1)N[C@@H]1CCCC[C@H]1F,-176.34,Train
CN1CCCC1CNC(=O)N1CC(F)C1,-180.61,Train
COC1CCCN(C2CCC(F)CN2)C1,-142.02,Train
FC(F)(CBr)C1=CC=CC=C1,-98.2,Train
CC1CN(C2CCN(CC(F)(F)F)C2=O)CCS1,-69.87,Train
O=C(C1CCNCC1C(F)(F)F)N1CCC2(CCC2)C1,-60.5,Train
CN(CC(F)(F)F)[C@H]1CC[C@H](O)CC1,-69.88,Train
CC(N)C1CNC(C(F)(F)F)S1.Cl,-61.15,Train
NC1NC(C(F)(F)F)NS1,-67.28,Train
CCC(CC)CF,-226.0,Train
CC(=O)N1CCN(CC(F)(F)F)C2CCCCC21,-69.72,Train
CCCC/C=C/C(F)(F)F,-59.0,Train
CC1(C)CCCN(C(=O)[C@H]2C[C@H](F)CN2)C1,-173.42,Train
N#CC1(C(=O)N2CCC(C(F)(F)F)CC2)CCCC1,-73.55,Train
CCCCCCCCC1=C(F)C=CS1,-137.0,Train
CCCCNC(F)(F)F,-49.0,Train
F/C(Cl)=C/C1=CC=C(I)C=C1,-70.0,Train
[H]C(F)(CCCCCCCC)SC1=CC=CC=C1,-145.0,Train
FC(F)C1CCN(CC2CCON2)CC1,-123.55,Train
O=[N+]([O-])C1=CC=C(SC(F)F)C=C1,-91.6,Train
CCCC(C)(F)F,-91.0,Train
CN1[NH]C(C(F)(F)F)C(-C2CCC(Cl)CC2)C1=N,-59.9,Train
O=C(CO)N1CCCC(C(F)(F)F)C1,-71.61,Train
CCCC(N)C(F)(F)CCC,-110.3,Train
CC1NN(C(F)F)C(C)C1CC(=O)N1CCCCO1,-94.91,Train
CN1NC(C(=O)NC2CCCC(C(F)(F)F)C2)CCC1=O,-62.47,Train
CCCC(O)C(F)(F)F,-80.0,Train
O=C(O)C1OCNC1C(F)(F)F,-61.36,Train
CC1(C)NC(=O)N(CC2CCCC(C(F)(F)F)C2)C1=O,-62.42,Train
CO[C@@H]1CCC[C@H]1NC(=O)C1CC(F)C[NH]1,-163.91,Train
CCCCCC(F)(F)F,-68.0,Train
C#CC1=CC=C(C(F)(F)F)S1,-53.0,Train
[H]C1=NNC(C(F)(F)F)=C1[H],-62.0,Train
COC1(C)CN(C(=O)NC2CCCCC2C(F)(F)F)C1,-60.71,Train
CC1CC(C(=O)N2CCC2)CC(C)C1OC(F)F,-79.46,Train
FC1=NC2=CC=CC=C2N=C1,-74.0,Train
O=C1NC(C(F)(F)F)NC2CCCCN12,-75.47,Train
O=C(CC(F)(F)F)N1CCCC2(CC=CCC2)C1,-62.95,Train
FC/C=C/C1=CC=CC=C1,-210.0,Train
NC(=O)[C@@H]1CN(C(=O)C2CC=CC2)C[C@H]1C(F)(F)F,-70.71,Train
CC1CNCC(C(=O)NC2(C(F)F)CC2)C1,-120.91,Train
FC(F)(F)C1=CC2=C(C=CC=C2)O1,-65.0,Train
CN(CC(F)F)C1CCC(C#N)CN1,-122.24,Train
COC(=O)F,-19.0,Train
CNC(=O)NC1CCC(C(F)(F)F)NC1,-66.35,Train
FC(F)(OC1=CC=CC=C1)OC1=CC=CC=C1,-56.0,Train
COC1=CC=C(C(F)F)C=C1,-109.0,Train
CC1(C)C(C(F)(F)F)CCN1C(=O)NC1CCCNC1,-65.15,Train
OC[C@H]1CCCN1C1CCCC(C(F)(F)F)N1,-68.2,Train
[H]C(F)(C1=CC=CC=C1)[N+](=O)[O-],-137.0,Train
ON1NNC2CCC(C(F)(F)F)CC21,-61.73,Train
OC1CCN(C2CC(C(F)(F)F)NC3CCCCC23)CC1,-67.75,Train
FC(F)(F)C1CNC(N2CCCO2)C(Cl)C1,-61.78,Train
CN1C(=O)N(CC(F)(F)F)C(=O)C1C1CCCCC1,-70.82,Train
FC(F)(F)C1=CN=CN=C1,-62.0,Train
O=S(=O)(N[C@@H]1CCCC[C@H]1F)C1CC1,-174.58,Train
CCOC(=O)CC(F)C1=CC=CC=C1,-173.0,Validation
[H]N1C=C(F)C=C1C(=O)O,-165.0,Validation
CCCC/N=C(/C1=CC=CC=C1)C(F)(F)F,-72.0,Validation
CCC(F)(F)C(C)=O,-110.0,Validation
CC1=CCN(C2NCCC(C(F)F)N2)CC1,-120.41,Validation
N#CC1C[NH]C(C(=O)NC2CC(C(F)(F)F)CCN2)C1,-64.84,Validation
CC(=O)N1CCC(C2CCC(C(F)(F)F)CC2)CC1,-61.92,Validation
COC(=O)C(=O)C(F)(F)F,-76.0,Validation
CC1NOCC1CN1C[C@@H](F)C[C@H]1CO,-167.83,Validation
FC(F)[C@H]1CCCN1CC1CNCS1,-124.34,Validation
[H]C1=C(C(F)F)ON=C1C1=CC=CC=C1,-119.0,Validation
CC1(C)CN(C(=O)C2CCNCC2)CCC1C(F)(F)F,-64.62,Validation
NC1CC(-C2CCC(OC(F)F)CC2)NO1,-82.38,Validation
O=C(O)C(F)(F)F,-76.0,Validation
O=C1[NH]C(=O)N(C2CCCO2)CC1F,-166.78,Validation
CC1CCC(CF)CC1,-223.0,Validation
[H]/C(C(=O)OC)=C(/F)C1=CC=CC=C1,-97.0,Validation
FC(F)(F)C1=CN=CN1,-62.0,Validation
O=S(CF)C1=CC=CC=C1,-213.0,Validation
CCCCC(CC)C(F)F,-123.0,Validation
CC1(CC(F)(F)F)CN(C(=O)C2CCNC2=O)C1,-61.7,Validation
CCCOC(F)F,-84.2,Validation
CN1C(=O)C[C@H](C(=O)O)[C@H]1C1CCC(C(F)(F)F)CC1,-62.73,Validation
[H]/C(C1=CC=CC=C1)=C(/F)OC,-88.0,Validation
FC1=NC=NC2=CC=CC=C21,-64.0,Validation
FC(F)=C(Cl)Cl,-89.0,Validation
FC1=CC=CC(F)=C1,-110.0,Validation
FC(F)(F)I,-5.1,Validation
CC1CCC(NC(=O)[C@H]2C[C@@H]2C(F)F)CN1,-116.22,Validation
Cl.O=S1(=O)CCC(NCC(F)(F)F)CC1,-71.61,Validation
O=C(O)C1C(C(F)F)NC2CCCCN12,-114.79,Validation
CC1CN(C(=O)C2CCCC(OC(F)F)C2)CC(C)O1,-82.23,Validation
CCC(F)F,-120.0,Validation
[H]C1=NOC(C(F)(F)F)=C1[H],-62.0,Validation
CCOC(=O)C(F)(F)C1=CC=CO1,-103.0,Validation
CC1COCC(C)N1C(=O)C1CCC(OC(F)F)CC1,-82.36,Validation
O=C(CCC(F)(F)F)N1CCC[C@H]2CCCC[C@H]21,-66.25,Validation
FC(F)(F)C1=CNC=C1,-61.0,Validation
FC1=NC(F)=NC(F)=N1,-33.0,Validation
O=C(CC1CCOC1)N1CCOC(CF)C1,-232.24,Validation
CC1NNC(N2CCC(CF)CC2)S1,-223.28,Validation
CN=S(=O)(C1=CC=CC=C1)C(F)(F)F,-72.0,Validation
CN(C)C(=O)N1CCC(N2CCC(C(F)(F)F)N2)CC1,-61.28,Validation
CC(=O)NC1CCCN(CC(F)(F)F)C1,-67.86,Validation
CC1C(CN2CCCC(C(F)(F)F)C2)CNN1C,-72.36,Validation
CC1(C)CN(C(=O)C2CC[NH]N2)CCC1C(F)(F)F,-64.21,Validation
CCOC(=O)C(F)(Br)SC1=CC=CC=C1,-84.0,Validation
CC(C)C(C)(F)F,-102.2,Validation
CC1=CC=C(F)S1,-134.0,Validation
Cl.N[C@H]1CCN(C(=O)C2(C3CCCC(C(F)(F)F)C3)CC2)C1,-62.04,Validation
CNC(=O)NC1CC(OC(F)F)N(C)N1,-84.93,Validation
FC=C(Cl)Cl,-122.0,Validation
CN1CC(CNC(=O)C2CC(F)C[NH]2)CN1,-163.85,Validation
O=C(NC1(CF)CCC1)C1=CCCC1,-224.95,Validation
FC(F)(F)CSC1=CC=CC=C1,-69.0,Validation
O=C(CO)N1CCCC(CC(F)(F)F)C1,-63.2,Validation
O=C1CCC(C(F)(F)F)CN1CC1CCC2C(C1)OCO2,-62.08,Validation
O=S1(=O)CC[C@]2(C(F)(F)F)CNC[C@@H]21,-74.53,Validation
O=C([O-])CC1NC(C(F)(F)F)CS1.[Na+],-63.38,Validation
FC1=NC=CC=C1,-67.0,Validation
CCCCCCCCOC(F)(F)Cl,-27.0,Validation
O=C(NCC(F)(F)F)C1COC2CCCCC2O1,-72.17,Validation
CC1(C)CNCCN1CC(F)(F)F,-70.64,Validation
CNC(=O)N1CCC(CC(F)(F)F)CC1,-62.83,Validation
FC(F)(F)C1CCNC(N2CCCOCC2)C1,-65.09,Validation
N#CC1(CN2CCC(C(F)(F)F)N2)CCC1,-61.65,Validation
[H]C1=NN(C)C([H])=C1F,-175.0,Validation
CCOC(=O)C(F)(F)Cl,-64.5,Validation
FC(F)(F)OC1=CC=CC=C1,-58.0,Validation
O=C(CC(F)(F)F)N1CC(O)C2(CC2)C1,-62.59,Validation
FC(F)(F)C1=NCCO1,-70.0,Validation
CC1NCC(CN[C@@H]2CCCC[C@H]2F)CN1,-175.76,Validation
O=C(N[C@@H]1C[C@H]1CO)C1CC(F)C[NH]1,-163.84,Validation
FC(F)F,-78.0,Validation
CN1CCCC(NC(=O)C2CCCCC2C(F)(F)F)C1=O,-58.57,Validation
CNC(=O)N[C@@H]1CCCC[C@@H]1C(F)(F)F,-69.54,Validation
CC1CCCCC1NC(=O)[C@H]1C[C@H](F)CN1,-175.56,Validation
N#CCCN1CCCC(O)(C(F)(F)F)C1,-83.09,Validation
CC1CCC(C(=O)N2CCC(O)(C(F)(F)F)C2)S1,-80.15,Validation
COC1CCCC(C(=O)N2CC3CC2(C(F)(F)F)C3)C1,-67.15,Validation
Cl.NC1(C2CCC(C(F)(F)F)CC2)CCC1,-62.35,Validation
FC(Cl)(Cl)C(Cl)(Cl)Cl,-64.0,Validation
O=C(O)[C@]1(C2CCCCC2)C[C@@H](F)C1,-165.2,Validation
C=C(F)CO,-108.0,Validation
CN1C(=O)C[C@H](N)[C@H]1C1CCC(Cl)C(F)C1.Cl,-114.98,Validation
FCCl,-169.0,Validation
[H]C1=C(F)C(F)=C([H])O1,-182.0,Validation
CC1CC(C(=O)N(C)C2CC2)NN1C(F)F,-95.93,Validation
FC(F)(F)C1=NC2=CC=CC=C2O1,-67.0,Validation
COC(=O)C(F)(F)S(=O)(=O)Cl,-100.0,Validation
O=C1CN(C2CCC(C(F)(F)F)CN2)C2CCCCC2N1,-60.98,Validation
CC1C(NC(=O)C2CCOC2)CCCC1C(F)(F)F,-60.07,Validation
CCCCC1=C(F)SC2=CC=CC=C21,-133.0,Validation
O=CCF,-232.0,Validation
[H]N1C2=CC=CC=C2C=C1C(F)F,-110.0,Validation
CC1NCCCC1C(=O)N1CCC(O)(C(F)(F)F)CC1,-84.28,Validation
N#CC1CCCN(CCC(F)(F)F)C1=O,-64.93,Validation
O=C(C1CCOC1)N1CC(CC(F)F)C1,-116.83,Validation
CC(F)(F)C#N,-85.0,Validation
CCCCCCCC(F)(F)OC,-79.0,Validation
OC1=CC=NC(SC(F)F)=N1,-98.0,Validation
COCCF,-223.0,Validation
O=C([O-])C1CCCN(CC(F)(F)F)C1=O.[K+],-69.42,Validation
CC1(F)CCCN(CC2CNNS2)C1,-148.2,Validation
FC1=CC(F)=CC(F)=C1,-101.0,Validation
FC(F)(F)CC1=CC=CC(CC(F)(F)F)=N1,-65.0,Validation
CC(F)/C=C/C1=CC=CC=C1,-166.0,Validation
N#CC1=CC(C(F)(Br)Br)=CC=C1,-58.0,Validation
[H]/C(C1=CC=CC=C1)=C(/F)CO,-114.0,Validation
O=C(C1CCCC(C(F)F)C1)N1CCCC1,-110.72,Validation
O=C(CN1CC(C(F)(F)F)CC(Cl)C1=O)N1CCC1,-62.15,Validation
O=C(C1=CC=CC=C1)C(F)(F)I,-54.0,Validation
CC1NCCC(N2CC(CF)C2)N1,-227.84,Validation
FC(F)Br,-68.0,Validation
FC(F)(F)C1=CC=CC(Cl)=N1,-69.0,Validation
FC(F)(F)OC1CC2CCC21,-58.0,Validation
[H]C1=NN(C)C(C(F)F)=C1C,-113.0,Validation
NC1CC(C(F)(F)F)C2CN[NH]C2C1,-61.92,Validation
[H]C1=C([H])N(C)N=C1C(F)F,-112.0,Validation
O=C(CN1NCC2CCCCC21)N1CCCC(F)(CO)C1,-167.98,Validation
[H]C([H])=C(C(=O)CCCCCCC)C(F)(F)F,-64.0,Validation
O=C(O)C1CC(C(F)F)NO1,-115.77,Validation
CC1NN(-C2CCCCC2)C(C)C1C(N)C(F)(F)F.Cl,-76.68,Validation
CC1(F)CCC(C(C)(C)C)CC1,-127.0,Validation
N#CCC(F)(F)F,-65.0,Validation
CS(=O)(=O)NC1CC(C(F)(F)F)C[NH]C1=O,-62.21,Validation
[H]C1=C(C(F)(F)F)ON=C1C,-59.0,Validation
C=C(CF)C1=CC=CC=C1,-213.0,Test
O=C(O)C1CCC(C(F)F)NC1,-117.68,Test
COC1CC(C(=O)N2CCCC2C(F)(F)F)ON1,-73.49,Test
FC(F)(F)CI,-65.6,Test
O=C(O)CCC(F)(F)F,-68.0,Test
CC1CCOC1C(=O)N1CC(CC(F)F)C1,-116.73,Test
FC(F)(SC1=CC=CC=C1)SC1=CC=CC=C1,-49.0,Test
CC(C1CCCCC1F)N(C)C(=O)C1CCNC1.Cl,-117.57,Test
CC1=CC(C(F)(F)F)=C(C)N1CC(C)C,-56.0,Test
Cl.NCC(=O)NC1(C2CCCCC2F)CC1,-116.66,Test
CNC1NCNCC1F,-153.3,Test
O=C(C1CCC(-C2NOC(C(F)(F)F)N2)CC1)N1CCC1,-65.67,Test
FC(Br)=C(C1=CC=CC=C1)C1=CC=CC=C1,-71.0,Test
O=C(NCC(F)(F)F)N1CC2CCCCCC21,-73.03,Test
CC1CCC(NC(=O)C2CC(F)C[NH]2)CN1,-163.27,Test
CCCN1C(=O)C2CCC(C(F)(F)F)NC2N(C)C1=O,-68.02,Test
O=C(C1CCCO1)N1CC(O)(C(F)F)C1,-134.59,Test
CCN(CC)C(F)(F)F,-59.0,Test
N#CC(Br)C(F)(F)F,-69.0,Test
O=C1CC(C(F)(F)F)C2C([NH]1)CCC2,-66.75,Test
FC(F)(F)C(Cl)Cl,-78.5,Test
CN1NC(C(F)(F)F)NC1N,-66.13,Test
[H]/C(CCC)=C(/F)S(=O)(=O)C1=CC=CC=C1,-130.0,Test
FC(F)OC1=CC=CC=C1,-87.0,Test
[H]C(F)(SC1=CC=CC=C1)C(=O)OCC,-159.0,Test
OCC1CCNN1C(F)F,-95.13,Test
CNC(=O)N1CCN(C(C)C(F)(F)F)CC1,-70.78,Test
CN1CNCC1C(=O)NC1CC(C)(F)C1,-137.82,Test
FC1=CC=CC=C1,-113.0,Test
FC(F)(F)C(Cl)(Cl)Cl,-82.2,Test
COC1=CC=C(OC(F)F)C=C1,-75.8,Test
FC(F)(F)C1=CCN(C2NCCCN2)CC1,-69.21,Test
O=C(OC(=O)C(F)(F)F)C(F)(F)F,-76.0,Test
OCC1C(OC(F)F)CCC2CCCCC12,-81.12,Test
OC1CCN(C2CCC(C(F)(F)F)CN2)CC1,-60.98,Test
O=C(O)C1CCCN2CC(C(F)(F)F)NC21,-61.84,Test
CC(C)(C)C(F)F,-129.0,Test
O=C(CC1CCCS1)N1CC(CF)C1,-228.39,Test
O=C(NCC1=CCCOC1)C1CC(F)C[NH]1,-163.81,Test
O=C(OCF)C1=CC=CC2=CC=CC=C21,-158.0,Test
FC(F)(F)C1CCCCC1,-75.0,Test
FC(F)(F)C1=CC(C(F)(F)F)=CC(C(F)(F)F)=C1,-63.4,Test
O=C(C1CCOCC1)N1CCC2C1CCCC2C(F)(F)F,-62.28,Test
O=C(C1CCCCC1)N1CCN(C2CC(C(F)F)C2)CC1,-122.38,Test
O=C(CN1CCC(C(F)(F)F)CC1)N1CCNC1=O,-73.51,Test
[H]C(=C1CCCCC1)C(F)(F)F,-58.0,Test
C=C(CC)CC(F)(F)F,-63.0,Test
CC1CC(NC(=O)C2CCC(C(F)(F)F)CC2)N(C)N1,-62.67,Test
NC1NNC(C(F)F)O1,-120.89,Test
CC(F)(F)C1=C2C=CC=CC2=NC2=CC=CC=C21,-75.0,Test
[H]N1C=C(F)C(N)=NC1=O,-171.0,Test
[H]/C(=C(/C)C(=O)C1=CC=CC=C1)C(F)(F)F,-60.0,Test
[H]/C(CCCCCCC)=C(/F)C(=O)OCCCC,-121.3,Test
FC1=C2N=CC=CC2=CC=C1,-126.0,Test
CC1CN(C2CCCC(C(F)(F)F)N2)CCCO1,-68.22,Test
CN1CCC(N2CCC(CF)CC2)C1=O,-222.54,Test
O=C(O)C1CCOC1C(F)(F)F,-61.99,Test
CC(C)(C)CC1(F)N=N1,-133.0,Test
C#CC1=C(C(F)(F)F)C=CO1,-57.0,Test
CC1NN(CC(O)C(F)(F)F)CC1C#N,-78.25,Test
FC(F)SC1=CC=CC=C1,-96.0,Test
Cl.NC(C1CCOCC1)C(F)(F)F,-73.25,Test
CN1C(=S)N(C(F)F)C2=C1C=CC=C2,-103.0,Test
O=C(NC1CCCC(C(F)(F)F)C1)C1CCCNC1,-62.42,Test
FC(Cl)Cl,-82.0,Test
O=S1CCN(CC2NC3CCCCC3N2C(F)F)CC1,-97.21,Test
O=C(O)CC1CC(C(F)(F)F)CO1,-59.35,Test
CP(C)CC(F)(F)F,-59.0,Test
CC(C)F,-165.0,Test
O=C(C1CCC[NH]1)N1CCCC1CF,-228.5,Test
O=[N+]([O-])C(F)(F)F,-74.0,Test
O=C1CCC(C(=O)N2CCC(CC(F)(F)F)CC2)CN1,-63.01,Test
CCCOC(=O)CC(F)(F)Cl,-58.0,Test
FC(F)(F)/C=C/C=C/C1=CC=CC=C1,-63.0,Test
[H]C(=O)/C([H])=C(/[H])C(F)(F)F,-66.0,Test
CC1(C)CN(C(N)=O)CC(C(F)(F)F)O1,-77.65,Test
FCN1C=NC2=CC=CC=C21,-164.0,Test
CC(=O)C(F)C1=CC=CC=C1,-183.0,Test
CN1NCC(C(F)(F)F)C1C(=O)O,-56.64,Test
CS(=O)(=O)NC1(C2CCCC(C(F)(F)F)C2)CCC1,-62.13,Test
CCCCCCC(C)C(F)(F)F,-74.0,Test
CC(=O)N(C1=CC=CC=C1)C(F)F,-98.0,Test
Cl.FC(F)(F)C1CCC(C2=CCNCC2)CC1,-62.19,Test
CC1(F)CCCN(C(=O)C2CCCNC2)C1,-152.48,Test
O=C1CCN(CC2NC(C(F)(F)F)CS2)CCN1,-63.49,Test
O=C1CC(C(F)(F)F)C(C(=O)O)CN1,-68.64,Test
O=C(N[C@H]1C[C@H]1C(F)F)C1CNNC2CCCCC12,-109.38,Test
CC1(F)CC(NC(=O)C2CCCS2)C1,-136.72,Test
CC(Br)CF,-210.0,Test
CC1CNCCN(CC(F)(F)F)C1,-69.75,Test
FC1CCC1,-160.0,Test
CCCCCCCC(F)(F)[N+](=O)[O-],-87.0,Test
C=C(F)Cl,-68.0,Test
CC(C)(C)F,-131.0,Test
O=C(CCC(F)(F)F)N1CC2CCC1C2,-66.4,Test
CC1(C)CCCN1C(=O)C1NCCCC1C(F)(F)F,-61.0,Test
FC(F)(F)C1CC2CC[NH]C2CN1,-64.86,Test
CCOC(=O)C(F)(Br)SCC,-81.0,Test
O=S1(=O)CCCN1CC1CCC(C(F)(F)F)CC1,-62.15,Test
CCC1(O)CCN(C2CCC(F)CN2)C1,-145.84,Test
Cl.CN1NC(N)CC1C(F)F,-115.05,Test
[H]C(F)(OC1=CC=CC=C1)C(=O)OCC,-130.0,Test
C=C(F)CCl,-101.0,Test
[H]C(F)(C(=O)OCC)P(=O)(OCC)OCC,-211.0,Test
CC(C)C1CCOC1C(=O)N1CC(CF)C1,-228.34,Test
CC1C[NH]CC1C(=O)N1CC(CC(F)F)C1,-116.7,Test
CC1[NH]NCC1C(=O)N[C@@H]1CCCC[C@H]1F,-175.95,Test
FC(F)(F)C1=NC(Cl)=C(Cl)S1,-56.0,Test
O=[N+]([O-])C1=CC=C(CF)C=C1,-216.0,Test
CC1CN(C(=O)CC(F)(F)F)C2CCCNC2O1,-62.43,Test
C#CC(F)(F)F,-52.0,Test
CC1NC(NC(=O)[C@@H]2CCCO2)SC1C(F)(F)F,-52.63,Test
CC1=CC=C(F)C2=CC=CC=C12,-127.0,Test
CC(F)C#N,-182.0,Test
CC1(F)CC(NC(=O)C2=CCCC2)C1,-137.97,Test
FC(F)C1=CCCCC1,-116.0,Test
CC1CCCC(C(=O)N2CCC(O)(C(F)(F)F)C2)C1C,-59.62,Test
CN1C(C(F)(F)F)CCCC1=O,-64.14,Test
CC(C)(F)SC1=CC=CC=C1,-108.0,Test
CN1NCCC1CN1CCCCC1C(F)F,-123.32,Test
FC(F)N1C=NC2=C1C=CC=C2,-96.0,Test
FC(F)(F)C1CCCCC1C1CNCCO1,-58.37,Test
FC1(F)CCCC1,-93.3,Test
FCC1CCCN1C1NCCCN1,-227.16,Test
FC(F)OCC1=CC=CC=C1,-84.8,Test
O=C1CCN1C1CCC(C(F)(F)F)CC1,-61.68,Test
O=C(NC1NCCS1)C1CCC(C(F)(F)F)NC1=O,-76.66,Test
