SMILES,shielding_value,shift_value
[H]C1=NC(F)=C([H])N1,337.137,-140.0
[H]C1=C(Br)N=C(C(F)(F)F)S1,266.342,-66.5
O=C(O)C1(C(=O)N2CCC(C(F)(F)F)CC2)CC1,275.005,-73.99
O=C(CC(F)(F)F)C1=CC=CC=C1,274.7753333,-62.0
CN1NNCC1CN[C@@H]1CCCC[C@H]1F,376.071,-175.72
CC1=NC(C)=C(C(F)F)S1,317.7055,-102.0
C=C(C)F,279.248,-88.0
[H]/C(CCC)=C(/[H])CC(F)(F)F,275.6776667,-67.55
O=C(C1[NH]CCC1C1CC1)N1CC(CF)C1,425.99,-228.41
CN1CCN(C(=O)C2CCN(CC(F)F)N2)CC1=O,330.574,-123.8
CC1CC2CCCCC2C1NC(=O)CC(F)(F)F,274.781,-62.86
FC1=C(F)C=CC=C1,333.452,-139.0
[H]N1C=C(F)C(=O)N([H])C1=O,368.03,-171.0
CN1CCNC(N2CCCC(C(F)(F)F)C2)C1=O,283.8506667,-72.01
FC(F)(F)C1=NC=CS1,266.0266667,-60.0
CCC(=O)NC1CCC(C(F)(F)F)NN1,287.3246667,-66.65
CC1C[NH]CC1C(=O)N[C@@H]1CCCC[C@H]1F,400.524,-175.93
CN1CCN(C(=O)NC2CCC(C(F)(F)F)CC2)CC1,284.5716667,-61.53
CCC1NCSC1NC(=O)C1(C)CC1F,414.72,-210.5
O=C(COC(F)F)N1C[C@@H]2C[C@H]1CS2,292.041,-85.07
FC(F)(Cl)OC1=CC=C(Cl)C=C1,237.533,-26.0
Cl.NCC1CNCC(C(F)(F)F)C1,269.424,-63.01
CCS(=O)(=O)N1CCN(C(C)C(F)(F)F)CC1,278.3716667,-70.96
CC1NC(N2CC(CF)C2)CCC1C#N,425.287,-227.39
CC1CCC(NC(=O)N2CCC(O)C2)CC1OC(F)F,280.943,-81.04
CC1CC(N)N(-C2CC(C(F)(F)F)CCC2Cl)N1,283.951,-62.47
O=C(C1CCCCC1C(F)(F)F)N1CCSCC1,271.5033333,-59.66
[H]/C(C(=O)C1=CC=CC=C1)=C(/[H])C(F)(F)F,275.2043333,-66.0
C=C(F)CI,287.414,-97.0
NCC1CCCC(C(F)(F)F)N1,279.913,-67.76
O=C(O)C(F)F,337.1525,-127.0
CCOC(=O)C(C)F,402.448,-185.0
OCCF,434.774,-227.0
O=C(O)CC1CCN(C(F)F)N1,314.4685,-94.85
CON(C(=O)OCC(Cl)(Cl)Cl)C(C)(F)F,288.208,-77.0
CCCC/C=C/C(F)(F)F,274.23,-65.0
CCCCCC(F)C1=CC=CC=C1,396.355,-170.0
CC(F)CCN1CCS(=O)(=O)CC1,394.23,-171.87
O=C(CN1CC(C(F)(F)F)CCC1=O)N1CCNC1=O,283.31,-62.26
[H]C1=CC=C(OC(F)F)C=C1,286.494,-76.0
FC1=NC=CC2=CC=CC=C21,269.139,-71.0
O=C(CC1CCC1)N1CCC[C@@H]1C(F)F,333.6205,-125.38
OC/C=C(/F)C1=CC=CC=C1,290.606,-98.0
O=C(O)C1C(C(F)F)NC2N1CCCC2,338.4525,-113.31
CS(=O)(=O)C1NCCN1CC(F)(F)F,279.5693333,-71.63
O=C(O)CN1CC(Cl)C(C(F)(F)F)N1,281.12,-62.21
O=S(=O)(CF)CC1=CC=CC=C1,415.645,-212.0
O=C1NC(-C2CCCCC2)CC(C(F)(F)F)[NH]1,288.5133333,-70.31
O=C(C1CC1)N1CCOC(C2CCCCC2C(F)(F)F)C1,273.4513333,-58.36
FC(F)C1=NC=CN1,318.5905,-114.0
OC1=CC=C(SC(F)F)C=C1,297.408,-89.0
CN(C)CC(F)F,329.295,-100.0
CCOP(=O)(CC(F)F)OCC,320.7585,-111.0
CP(C)C(F)(F)F,272.39,-64.0
O=C1CC(OC(F)(F)F)CC[NH]1,265.3143333,-57.58
N#CC(F)(F)I,246.687,-46.5
CCC(F)(F)C(=O)OC,326.1225,-108.0
CCOC(=O)C(C)(C)F,374.05,-148.0
COC1=CC=C(CF)C=C1,437.92,-199.8
CC1CSCCN(C2NCC(F)CN2)C1,392.954,-157.19
CCCCCCCCC1=C(F)C=CO1,372.82,-176.0
[H]/C(=C(/[H])C(F)(F)F)C(F)(F)F,275.0756667,-66.4
FC(F)(F)C1=CC2=CC=CC=C2N1,266.7906667,-61.0
C[C@@H]1CN(C)C[C@H](C(=O)N2CCCC(C(F)(F)F)C2)O1,284.3316667,-72.15
CCC1CN(C(=O)[C@@H]2C[C@H]2C(F)(F)F)C1,276.4213333,-66.52
CCC1NNSC1C(=O)N1CCCC(C(F)(F)F)C1,283.0196667,-71.43
CS(=O)(=O)[C@@H]1CNC[C@H]1C(F)(F)F,279.331,-69.52
OCC1CCNN1CCF,436.004,-222.29
CC1CCC(C(N)C(F)(F)F)O1.Cl,282.054,-75.22
FC(F)N1N=C(Cl)C2=CC=CC=C21,299.703,-95.0
Cl.O=C(NC1CNN(-C2CCCCC2)C1)[C@H]1C[C@H](F)CN1,384.67,-176.04
CCOC(=O)C(F)CC,396.354,-194.0
N#CC1(C(=O)N[C@@H]2CCCC[C@H]2F)CCC1,392.127,-176.67
FC(F)C1N[NH]C2C1CCC2,331.8085,-112.14
CCSC(C)F,369.594,-142.0
Cl.NC[C@@H]1C[C@H]1C1CCC(C(F)(F)F)CC1,281.0796667,-61.88
Cl.FC(F)C1[NH]NC2C1CNCC2,331.863,-113.55
CC(C)(C)C1=C2C(F)=CC=CC2=CC=C1,287.885,-96.0
OC(CN1CCCSCC1)C(F)(F)F,284.113,-78.71
OCCCF,428.646,-220.0
FC(F)(P(C1=CC=CC=C1)C1=CC=CC=C1)P(C1=CC=CC=C1)C1=CC=CC=C1,296.969,-95.0
FC(F)CN1CCN(C2CCCCN2)CC1,327.5405,-119.67
CCCCCCOC(=O)C(F)(F)C(=O)OCC,319.7105,-113.0
O=C(O)C1NN(CC(F)(F)F)CC1Cl,278.017,-72.12
O=S(=O)(CC1=CC=CC=C1)C(F)(F)F,281.6483333,-77.0
CC(C)(F)Cl,305.841,-87.0
CNC1CC(C(F)(F)F)NC2CCCCC12,287.339,-67.59
NC(=O)CN1CC=C(C(F)(F)F)CC1,278.9076667,-69.18
[N-]=[N+]=NC(F)(F)C1=CC=CC=C1,274.8145,-69.0
FC1(F)CCCCCCCCCCCCCC1,318.513,-91.5
Cl.N[C@@H]1C[C@H]1C1CCCCC1OC(F)(F)F,265.0453333,-57.38
FC1=CC=C(F)C=C1,312.23,-120.0
O=C(C1CCCO1)N1CCCCC1C(F)F,330.596,-124.24
[H]C1=NC([H])=C([H])C(C(F)(F)F)=N1,275.824,-70.0
CC1=C(C(F)(F)F)SC(Cl)=N1,259.2116667,-59.4
CN1CC(C(=O)O)C(C(F)(F)F)C1,277.213,-56.05
COB(OC)C(F)(F)F,275.696,-70.0
O=C(C1CCCNC1O)N1CCC(CC(F)(F)F)CC1,274.2633333,-62.98
CC1CC(N2CCCC2CF)C(C#N)CN1,423.751,-225.56
CC[C@@H]1C[C@H]1NC(=O)C1CC(F)C[NH]1,387.247,-163.97
CC1(C)NC(=O)N(CC2CCCCC2C(F)(F)F)C1=O,277.3023333,-60.11
CC1(C)C[C@@H]1NC(=O)C1(CF)CCOCC1,431.413,-224.65
FC1(CC2=CC=CC=C2)CO1,348.024,-134.0
C/C=C(/C1=CC=CC=C1)C(F)F,323.9715,-117.0
O=C1[NH]CCN2NC(C(F)(F)F)CC12,283.0603333,-61.71
O=S(=O)(C1CCCCC1OC(F)(F)F)N1CCCC1,265.6603333,-56.35
O=C(O)C1CC2CCC(C(F)(F)F)NC2[NH]1,285.18,-66.1
O=C(N[C@H]1CCC[C@H]1F)C1CCCCN1,394.17,-189.38
COC(=O)C(O)(O)C(F)(F)F,285.6776667,-84.0
O=C1C=C(OC(F)F)CCC1,289.251,-85.0
CCC1OC(C(=O)N2CCOC(C(F)F)C2)CC1C,340.4105,-130.7
FC(F)(F)C1=NC2=CC=CC=C2C2=C1C=CC=C2,270.539,-63.5
CN1CC(C(=O)NC2CC(C)(F)C2)CN1,334.859,-137.82
CC(F)(F)C(=O)C1=CC=CC=C1,309.816,-94.0
F/C=C/F,350.227,-165.0
CNC(=O)N1CCCC(C(F)(F)F)C1C,279.6466667,-69.56
CC1CCC(S(=O)(=O)N(C)C2CCNCC2)C(F)C1.Cl,337.861,-111.14
O=S(=O)(C1CC1)N1C[C@@H](F)C[C@H]1CO,381.508,-171.75
FCN1C=NC2=C1C=CC=C2,371.237,-164.0
FC(F)(F)C1=CC=C(C(F)(F)F)C=C1,269.7158333,-63.5
CN1C(C(F)(F)F)=NC2=C1C=CC=C2,271.8293333,-63.0
O=C(C1=CC=CC=C1)C(F)(F)F,277.16,-72.0
CC1C[NH]CC1C(=O)N1C[C@@H](F)C[C@H]1CO,401.053,-167.39
CC1=CC(F)=CS1,326.022,-128.0
N#CC(F)C1=CC=C2C=CC=CC2=C1,382.398,-167.0
O=C1CCN(C2CCCN(CC(F)(F)F)C2=O)CCN1,277.7736667,-69.35
CC(F)C1=CC2=C(C=CC=C2)C=C1,395.33,-167.0
FC(F)(F)C1=NC=CC2=CC=CC=C21,269.9036667,-63.0
C[C@@H]1OCCN(C(=O)C2CCN(C)N2)[C@@H]1C(F)(F)F,270.339,-63.78
CCOC(=O)C(F)(F)F,281.3213333,-76.0
CNC(=O)[C@@H]1CSCN1C1CCC(C(F)(F)F)CN1,280.215,-60.67
CC1NC(O)CC(C(F)(F)F)N1,288.3623333,-70.92
CC1CC(CNC(=O)C2CC(F)C[NH]2)ON1,369.856,-163.66
CC1=CCCN(C2NCC(C(F)F)CN2)C1,332.6845,-110.39
O=C1CC(CN2CCC(C(F)(F)F)CC2)CN1,284.9283333,-73.52
CCOC(=O)C(F)(F)I,258.707,-57.9
O=C(COC(F)F)N1CC2CCCC2C1,291.705,-85.03
CC1CNC(N2CCOC(CF)C2)S1,442.495,-231.81
CC1CC(C(=O)NC2CC(C)(F)C2)CCN1,357.374,-137.52
N#CC1CCC(CN2NC(C(F)(F)F)CCC2=O)CC1,284.7796667,-67.18
CN(C1=CC=CC=C1)C(F)(F)F,268.931,-60.0
FC1=CNC2=CC=CC=C12,372.94,-175.0
FC(F)C1=CSC=C1,322.7975,-108.0
CCOC(=O)CC(=O)C(F)(F)F,280.6216667,-75.0
CC1(CC(F)(F)F)CN(C(=O)NC2CCCCN2)C1,273.1686667,-61.57
CC1NCCC(N2CCCC(F)C2)N1,394.41,-184.23
NC1CC(C(F)(F)F)NCN1,288.2786667,-70.64
O=C(C1CCSN1)N1CCC(CF)CC1,430.83,-223.36
CC1CCCC(F)C1NCC(=O)N1CCOCC1,376.081,-139.91
FC(F)Cl,275.483,-73.0
NC1CCC2C(C1)CCC(=O)N2CC(F)F,326.3545,-121.67
FC1=CC=NC2=CC=CC=C12,305.026,-113.0
[H]C(=O)C(C)C(F)(F)F,277.1183333,-68.0
F/C(Cl)=C/C1=CC=C(I)C=C1,263.697,-73.0
CCCCCCCCC1=NC2=CC=CC=C2C(C(F)(F)F)=C1,269.217,-63.0
F/C=C/COCC1=CC=CC=C1,319.601,-125.0
FC(F)(F)/C(=N/C1=CC=CC=C1)C1=CC=CC=C1,274.9413333,-70.0
CC(=O)C(F)(F)C(=O)C1=CC=CC=C1,310.082,-109.0
CCC1NCNC(N2CCCC2C2CCCO2)C1F,376.658,-150.49
FC(F)(F)SC1=CC=CC=C1,249.439,-43.0
FC(F)SCC1=CC=CC=C1,304.944,-94.0
O=C(O)C1SCNC1C(F)F,333.7625,-114.24
FC(F)(F)C1=CC=CC=C1C(F)(F)F,267.4843333,-59.6
[H]C1(C(F)(F)F)CCC(CCCC)CC1,284.457,-75.0
CC1NC(C(F)(F)F)C(C(=O)O)O1,280.0366667,-61.38
O=P(CF)(C1=CC=CC=C1)C1=CC=CC=C1,446.356,-242.0
CC1CC(S(N)(=O)=O)CNC1C(F)(F)F,280.3013333,-65.45
CCCCCCC(F)(F)F,278.7546667,-68.0
N#CC1CCCCC1CN1CCCC(C(F)(F)F)C1=O,273.072,-65.36
[H]C1=NN(C2=CC=CC=C2)C([H])=C1F,368.905,-176.0
FC1=CCCC1,311.813,-125.0
NC(=O)[C@@H]1C[C@@H](F)CN1CC1CCCC2C1CCOC2,373.342,-170.53
CCOC(=O)/C=C/CF,425.578,-224.0
[H]/C(C(=O)O)=C(/[H])C(F)(F)F,275.1873333,-66.0
FC(F)C1NC2C(Cl)CCCC2[NH]1,339.049,-117.08
[H]C1=C(C(F)(F)F)N=C(C2=CC=C(C)C=C2)S1,271.6046667,-61.6
C#CCC(F)(F)F,274.1303333,-64.0
Cl.FC(F)(F)OCC1CCNCC1,267.2086667,-60.24
CCN1CC(NC(=O)N2CCC(C(F)(F)F)CC2)CN1,285.318,-73.63
OC(F)(F)F,263.4623333,-54.0
O=C1CCCCC1F,397.901,-188.0
CCCCCCCC(F)(F)C(=O)OCC,318.0965,-105.0
Cl.FC(F)(F)C1CCC2C(C1)CCN2,266.2063333,-60.9
CC(C)C(=O)CC(F)(F)N=[N+]=[N-],274.8665,-70.0
OCC(F)(F)F,286.217,-78.0
CC(N)C1NNC2C(Cl)CC(C(F)(F)F)CN12.Cl,284.3846667,-62.6
CCCCCCCCC(F)N1C=NC2=C1C=CC=C2,338.916,-136.0
[H]/C(C1=CC=CC=C1)=C(/[H])C(F)(F)F,266.3953333,-58.0
CC(C)(N)C1NC(C(F)(F)F)CC(=O)[NH]1.Cl,273.0746667,-70.47
FC(F)(F)C1=CN=C(Br)C=C1,269.3076667,-63.0
FC1=CC=CC2=C1C1=C(C=CC=C1)O2,312.943,-119.0
CN(C1CCN(C)N1)S(=O)(=O)C1CCC(C(F)F)O1,337.626,-116.89
CC1CC(C(F)(F)F)NC(-N2CCNC2)N1,287.2433333,-69.85
O=C(O)C1SCCC1OC(F)F,291.883,-83.64
CC1CCCNC1NC(=O)C1CCN(C(F)F)N1,300.7155,-95.65
CC1NCN(CC2CCCNC2C(F)(F)F)N1,280.6453333,-63.96
N#CC1CCC(N2CCS(=O)CC2)CC1C(F)(F)F,281.1623333,-62.0
CC1NCC(C(F)(F)F)[NH]1,286.5106667,-62.0
NCC(F)(F)F,282.7033333,-72.0
[H]C([H])=C([H])CC(F)(F)F,275.8423333,-65.0
O=C(CC1C=CCC1)N1CCC(O)(C(F)(F)F)CC1,291.1126667,-84.32
O=C(O)C1NC(C(F)(F)F)N2C1CCCC2,289.3283333,-62.7
O=C1CCC(OC(F)F)C[NH]1,283.1375,-82.88
CC1NCC(C(=O)N[C@H]2CCC[C@H]2F)S1,394.059,-189.0
N=C(C1=CC=CC=C1)C(F)(F)F,274.3926667,-57.0
CC1CC(C(=O)N[C@@H]2CCCC[C@H]2F)ON1,385.811,-176.07
[H]C1=C(C(F)(F)F)N=C(C2=CC=C(C)C=C2)O1,271.91,-62.3
O=C(NC1(CF)CCC1)C1CCNCC1,436.036,-225.01
FC(C1=CC=CC=C1)C(F)C1=CC=CC=C1,406.316,-186.0
FC(F)(Br)SC1=CC=CC=C1,223.0715,-22.0
CC1CNC(CN2CCC[C@@H]2C(F)F)O1,332.325,-125.24
CC(C)N1C(=O)NC2(CCN(CC(F)(F)F)C2)C1=O,280.6543333,-69.45
CN(CC1CCCCC1F)C(=O)C1CSCN1.Cl,332.054,-118.63
[H]C([H])=C(C(=O)C1=CC=CC=C1)C(F)(F)F,264.1183333,-64.0
CC1CCN(C(=O)C2CCC3NNC(C(F)F)N3C2)CC1,343.7515,-119.43
CN1CC(NC2CC(C#N)CCC2C(F)(F)F)CCC1=O,280.136,-63.52
FC(F)C1CCCC1,322.687,-119.0
CCOC(OCC)C(F)F,341.2355,-137.0
FC(Br)Br,277.618,-86.0
CCC(=O)N[C@@H]1CCCC[C@@H]1C(F)(F)F,269.2803333,-69.53
CCCCCCCCCCOC(F)(F)F,266.0043333,-60.0
N#CCCN1CCC(C(F)(F)F)N1,282.6093333,-61.71
[H]C1(C(F)F)CCCCC1,336.3265,-124.0
CCOC(=O)CCF,435.528,-220.0
CC(C)C(F)F,335.3295,-127.0
CCCC(F)(F)F,278.7166667,-68.0
FC(F)(F)C1=C(C2=CC=CC=C2)NC2=CC=CC=C21,260.3763333,-53.0
O=C(NC1(C(F)F)CC1)C1CCCCC1,335.3675,-120.92
CC1NCSC1CN1CCOC(C(F)F)C1,343.041,-130.55
O=C(NCC(F)(F)F)C1CCCC2CCCNC12,282.442,-71.66
CC1NSC(N2CC(CC(F)F)C2)N1,322.9635,-116.9
CCC(F)(F)F,279.8523333,-67.0
O=C1NCCN2CNC(C(F)(F)F)C21,283.4796667,-60.63
O=C(NC1NC(C(F)(F)F)C[NH]1)C1CCCO1,285.1033333,-62.27
FC1=CN=CC2=CC=CC=C12,332.318,-140.0
CCCCC1=C(F)OC2=CC=CC=C21,316.774,-120.0
CC(=O)CC(F)C1=CC=CC=C1,402.283,-174.0
FC(F)(F)C1CCN(CC2CCON2)N1,283.376,-61.64
C[Si](C)(C)C(F)F,348.102,-140.0
[H]C1=C(C(F)(F)F)N=NN1C1=CC=CC=C1,269.5176667,-60.0
CC(F)CCN1CCCC2(CCOCC2)C1,392.773,-171.53
CN1C=CC=C1C(F)(F)S(=O)(=O)C1=CC=CC=C1,303.623,-97.0
CC(O)CC(F)(F)F,274.191,-64.8
CN1CCN(C(=O)CC(F)(F)F)C(CN)C1.Cl,270.061,-62.8
CC1=CC=C(S(=O)(=O)OC(F)(F)F)C=C1,259.4823333,-54.0
O=C(C1CCC(OC(F)(F)F)CC1)N1CCC(O)CC1,265.844,-57.79
O=C(O)C1NC(C(F)(F)F)N2CCCCC12,282.824,-63.13
Cl.NC(C1CCCO1)C(F)(F)F,279.8986667,-75.37
CN(C(=O)C1CCCC(C(F)F)C1)C1CNN(C)C1,335.6165,-110.85
CC(F)CCO,398.663,-173.0
Cl.FC(F)(F)C1CCNC(C2CNC2)N1,274.9876667,-69.84
[H]C1(C(F)(F)F)CCCCC1,285.4636667,-75.0
FC(Cl)(Br)CC1=CC=CC=C1,253.23,-52.0
O=CCCC(F)(F)F,278.309,-66.0
[H]C(=O)C(F)CCCCCCCC,412.346,-199.0
CC(=O)NC1CC(C(F)(F)F)NO1,281.45,-64.09
FC1CCCC1,390.088,-171.0
CCC(F)(F)C1=CC=CC=C1,319.616,-98.0
OC[C@@H]1CC2CCCCC2O[C@H]1C(F)(F)F,281.326,-75.38
CC1NN(C)C2SC(C(=O)NCC(F)(F)F)CC12,282.192,-71.96
FC(F)(F)C1CSC(CN2CCNCC2)N1,282.5966667,-63.96
FC(F)(F)C1CCCN(C2CNCCN2)C1,283.9963333,-71.87
CCCC/C(F)=C/CO,289.572,-106.0
[H]C([H])=C(CCCCCCC)C(F)(F)F,276.9123333,-70.0
CC1CNCC(N2CCCC(C(F)(F)F)C2)N1,275.733,-72.43
O=C1CC(C(F)F)=NN1,321.842,-112.56
O=S(=O)(Cl)C(F)F,307.552,-114.0
C[Si](C)(C)C(F)(F)[Si](C)(C)C,349.364,-137.0
NCCC(F)(F)F,273.9043333,-66.0
CC1[NH]NC(C(=O)NC2(C(F)F)CC2)C1C,333.84,-120.74
NC(=O)C1CNN(-C2CCCC(C(F)(F)F)C2)C1N,284.359,-62.55
[H]/C(C(C)=O)=C(/[H])C(F)(F)F,274.917,-65.0
O=C(O)CN1CCCC(C(F)(F)F)C1=O,272.875,-66.97
[H]C(F)(Br)C(=O)OCC,356.262,-151.0
O=S(=O)(CCC(F)(F)F)N1CCOCC2(CC2)C1,277.0873333,-65.55
[H]/C(C1=CC=CS1)=C(/[H])C(F)(F)F,272.939,-64.0
O=C(NC1NNC(C(F)(F)F)[NH]1)C1CCCO1,286.7986667,-64.32
O=C(O)C1CCCN1CC(F)(F)F,279.985,-68.77
FC1=COC2=CC=CC=C12,371.349,-177.0
OCC(F)(F)C1=CC=CC=C1,319.877,-107.9
CC1(F)CCCN(CC2CSNN2)C1,347.701,-148.4
N[C@@H]1CCN(C(=O)C2(C3CCCC(C(F)(F)F)C3)CC2)C1,284.2073333,-62.31
CCOC(=O)C(F)(F)C1=CC=CC=C1,320.9945,-104.0
CC1C(=O)NCCCN1CC(F)(F)F,282.6396667,-71.07
CCC(O)C(F)(F)CC,327.5525,-111.8
FC(F)(F)C1=CC2=CC=CC=C2C=C1,269.376,-62.0
O=C1CCCCC1(F)F,323.0475,-111.0
FC(F)C1=CC=CC=C1,327.937,-115.0
FC1=C(C2=CC=CC=C2)OC2=CC=CC=C21,365.458,-170.0
CC1CCC(C(F)(F)F)CC1NC(=O)C1CCCN1,279.502,-62.0
CC(C)C(F)(F)C(C)C,324.1775,-120.0
CCC(F)(F)CC,319.7215,-102.4
O=C(O)C1CCCC(C(F)F)N1,339.4575,-116.69
OCCCC(F)(F)F,278.307,-67.4
CC1(F)CCN(C(=O)N2CCOCC2)C1,364.144,-143.6
CCN1NCNC1CN1CCCC(C)(F)C1,374.278,-147.64
CC1(C(=O)N2CCCC2CF)COC1,445.717,-229.29
CCOC(=O)C(F)C1=CC=CC=C1,408.707,-180.0
NC(=O)N1CCNC(=O)C1C1CCC(C(F)(F)F)CC1,284.5716667,-62.26
[H]C1=C(C(F)(F)F)N(C2=CC=CC=C2)N=C1C,264.515,-62.5
Cl.O=C1CNCCN1CC1CCC(C(F)(F)F)CC1,282.537,-62.15
FCC(Cl)(Cl)Cl,399.249,-198.0
Cl.NCC1CCCC(C(F)(F)F)O1,284.8596667,-74.66
CC1CNC(N2C[C@@H](F)C[C@H]2CO)S1,373.091,-169.72
CC1CCC(NC(=O)[C@H]2CSCN2)CC1C(F)(F)F.Cl,273.613,-62.15
FC(F)C1=CC=CS1,316.7765,-102.0
FC(F)(F)C1CC(CN2CCCC2)N[NH]1,284.818,-61.54
[H]C([H])=C(F)C(C)=O,308.877,-116.0
CC(F)F,320.509,-110.0
CC1NSC(N(C)CC(F)F)N1,331.815,-122.45
O=C(C1CCCO1)C(F)(F)C1=CC(Cl)=CC=C1,317.3875,-102.0
CCCCCCCC(O)OCC(F)(F)F,281.3926667,-74.0
CC(=O)NC1CC(C)NN1-C1CCCCC1C(F)(F)F,277.15,-60.5
CC1CCN(C(=O)N2CC(CF)C2)CC1,439.37,-227.07
CC1CCC(CN2CCCC(C)(F)C2)NN1,346.166,-148.03
CN1CC(N)C(C(F)(F)F)N1,277.1376667,-60.66
O=C(O)C1COC(C(F)F)C1,336.5365,-114.92
O=C(NC1CC(C(F)(F)F)CCN1)C1CSCN1,284.8776667,-64.85
O=C1NC(=O)N(CC(F)(F)F)C1=O,279.1613333,-72.78
N#CC1=CC=C(F)C=C1,291.686,-104.0
CC1NOC(NC(=O)C2CCCC(C(F)(F)F)C2)N1,284.2763333,-62.36
[H]C1=CC=C(SC(F)F)C=C1,298.733,-90.0
FC(F)C1CCN(C2CNCCN2)CC1,333.645,-124.08
CN1NNC(CO)C1C(F)F,334.0315,-116.1
CCC1CCNC(C(=O)N2CC(CF)C2)C1,440.041,-228.22
CC1CC(O)NC(C(F)(F)F)N1,290.2586667,-71.09
Cl.OC1(C(F)F)CNC1,349.4915,-134.79
FC1=NC=CC=N1,244.226,-44.0
FC1=CSC=C1,327.816,-131.0
CC1C(N2C(=O)CN(C3CC3)C2=O)CCCC1C(F)(F)F,277.858,-60.98
CC1(C)CCN(C2NCC(C(F)F)CN2)C1,334.293,-110.58
[H]/C(CCCC)=C(/[H])C(F)(F)F,265.955,-59.0
O=S(=O)(C1CC1)N1CCC[C@@H]1C(F)F,327.5695,-125.87
[H]C1=NC(C(F)(F)F)=NC([H])=C1[H],275.877,-71.0
Cl.N=C1SCCN1CC1CCCCC1F,346.975,-117.54
O=C1[NH]CNC2C(C(F)(F)F)CCCC12,279.5383333,-59.99
[H]C(F)(CCCCCCCC)OC(C)=O,351.176,-129.0
O=C(N[C@H]1C[C@@H]1C(F)F)C1CCCCC1,318.728,-115.79
FC(F)(F)C1=C(C(F)(F)F)C(C(F)(F)F)=C(C(F)(F)F)C(C(F)(F)F)=C1C(F)(F)F,256.5516667,-52.3
CC1NOC(C)C1NC(=O)C1CCCCC1C(F)(F)F,281.7803333,-58.88
FC(F)COC1CCC(Cl)CN1,335.6795,-126.59
C[Si](C)(C)F,366.865,-158.0
CC1CC(C(=O)O)C(C(F)(F)F)O1,281.9536667,-61.73
OC1(C(F)(F)F)CCN(CC2CC=CCC2)CC1,293.7963333,-84.34
O=C(C1CCC(OC(F)F)CN1)N1CCC1,283.7235,-82.9
FC(F)(Br)C1=CC=CC=C1,249.622,-44.0
C=CC(=C)F,308.952,-120.0
CC1(C)C(C(F)(F)F)CCN1C(=O)C1CCC(O)NC1,272.881,-64.93
CC1CC(CNC2CCNCC2F)C(C)O1,377.49,-151.11
O=C1CC(C(F)(F)F)=NC2CCCCC2N1,282.0773333,-73.42
COC1CCN(C2CCCC(C(F)F)C2C#N)CC1,331.2045,-112.37
N#CC(F)C1=CC=CC=C1,390.078,-168.0
O=C(NC1CCCCC1)C(=O)N1CCCC(F)(CO)C1,380.856,-168.14
CN1CCC(C(=O)N2CCCC(C(F)(F)F)C2)CC1=O,282.4983333,-71.47
[H]/C(C1=CC=C(C)C=C1)=C(/[H])C(F)(F)F,273.1166667,-64.0
CC(C(=O)N1C[C@@H](F)C[C@H]1CO)N1CCCN1,374.18,-170.13
O=C(O)C1N[NH]CC1F,375.971,-171.91
O=C(C1CCNCC1)N1CCC[C@@H]1C(F)F,339.2005,-126.04
CC1CCNC(N2CC(CF)C2)C1C#N,426.146,-227.37
O=S(=O)(Cl)C(F)(F)F,272.6086667,-76.0
O=S1(=O)CCC[C@@]2(C(F)(F)F)CNC[C@H]21,280.191,-73.25
CC1(F)CCCN(C(=O)CC2CCCO2)C1,356.918,-151.94
O=C(CC1CCCCC1C(F)(F)F)N1CCCNCC1,279.9986667,-59.95
COC1CCNCC1NC(=O)C1(C)CC1F,418.782,-211.04
CC1CCCCC1C1(C(=O)N2CCOC(C(F)F)C2)CC1,341.3755,-130.73
N#CCC(=O)N1CCN(CC(F)F)CC1,329.656,-119.95
N#CC1CCCC(CN2CC(C(F)(F)F)C2)C1,282.7143333,-72.13
[H]C1=C([H])N(C)N=C1F,328.892,-129.0
O=C(CN1CCCN1)N1CCCC1CF,416.258,-220.05
CC1CCCNC1CN1CCCC(C(F)(F)F)C1=O,277.09,-65.28
O=C(O)C1CCC(C(F)(F)F)O1,285.2406667,-64.65
CS(=O)C(F)(F)F,278.9436667,-80.0
F/C(Cl)=C(/F)Cl,300.584,-106.0
CS(=O)(=O)N1CCC(O)(C(F)(F)F)C1,287.7873333,-80.14
FC(F)(OC1=CC=CC=C1)C1=CC=CC=C1,284.0475,-66.0
N#CC1CCC(CN2CCCC(C(F)(F)F)C2=O)CC1,273.1286667,-65.37
CSC1=NC(=O)C=CN1C(F)F,302.205,-107.0
CCCCC1=C(F)N(C)N=C1C,338.622,-139.0
O[C@H]1CCN(C2CCCC(C(F)(F)F)N2)C1,286.4323333,-67.84
CC1CCOC1CN1C[C@H](F)C[C@H]1C(N)=O,380.774,-170.31
FC1=C(C2=CC=CC=C2)OC=C1,359.512,-165.0
O=C(O)[C@@H]1CCCN[C@@H]1C(F)(F)F,281.857,-70.34
C/C=C/C(C)(F)F,301.533,-84.0
FCC1CCN(C2NCC(Cl)CN2)CC1,439.822,-223.15
CC(C)(O)CN1CC(C(F)(F)F)CC(Cl)C1=O,282.9036667,-61.54
O=C(N[C@H]1C[C@@H]1C(F)F)C1CNNC2CCCCC12,318.1495,-116.34
[H]C(=O)C1=CC=C(F)N1[H],322.721,-130.0
FC1=CN=CC(F)=C1,315.631,-124.0
CCOC(=O)C(F)(F)C(=O)C1=CC=CC=C1,308.591,-108.0
CC1(C)C(C(F)(F)F)CCN1CC(N)=O,275.4466667,-65.93
O=C1CCC(C(F)(F)F)NN1CC1NCCS1,284.9133333,-67.24
OCC1CNN(CCF)C1,426.276,-221.96
O=C(O)C1=CC2CCCCC2OC1C(F)F,326.056,-130.25
CCC(C)(F)F,307.516,-93.0
CCCC/C=C/C(F)(F)C(=O)OCC,321.255,-98.0
CC(=O)N[C@H]1CCCC[C@H]1CC(F)(F)F,273.718,-63.56
CN1CNNC1NC(=O)C1CCC(C(F)(F)F)CC1,284.3206667,-62.69
O=S(=O)(C1=CC=CC=C1)C(F)(F)F,281.901,-78.0
N#CCCN1CC=C(C(F)(F)F)CC1,279.7553333,-69.23
CC1CC(C(=O)N2C[C@H](F)C[C@H]2C(N)=O)CO1,398.527,-177.96
[H]/C(C1=CC=CC=C1)=C(/[H])C(F)(F)F,273.3323333,-63.0
OC1CC(C(F)(F)F)NCN1,287.8316667,-70.86
CC1CSC(NC(=O)NC2CNN(C)C2C(F)F)N1,335.8315,-113.59
CCF,419.073,-212.0
CC(C)(F)C(=O)C1=CC=CC=C1,360.974,-144.0
Cl.NCC1CCN(CC(F)(F)F)N1,279.6153333,-71.79
FC1=C2C=CC=NC2=CC=C1,314.055,-123.0
NC(=O)[C@@H]1C[C@@H](F)CN1,374.36,-175.22
CC(O)(CN1CCNN1)C(F)(F)F,288.6543333,-81.44
[H]C1=C(C)N(C2=CC=CC=C2)N=C1C(F)(F)F,269.6196667,-62.5
CN(C(=O)CC(F)(F)F)C1CCC2C(C1)OCO2,274.9323333,-62.5
FC(C1=CC=CC=C1)C1=CC=CC=C1,391.676,-163.0
CC1CC(N)CNC1C(F)F,341.447,-114.81
OC[C@@H]1C[C@H](F)CN1CC1CSCN1,367.514,-168.12
[H]N1C=CC(F)=C1,365.616,-169.0
[H]C1=CC=C(C(F)F)C=C1,327.937,-111.0
FC(F)C1=NC(C2=CC=CC=C2)CO1,334.09,-124.0
C=C(F)C1=CC=CC=C1,304.145,-120.0
[H]C([H])=C(C(F)(F)F)C(F)(F)F,271.6103333,-65.7
CC1CN(CC(=O)O)NC1C(F)(F)F,277.198,-61.33
CC1CC2NCC(C(=O)N3CC(CC(F)F)C3)C(C)N2N1,320.8955,-116.95
CC1(F)CCCN(CC2CNCS2)C1,358.992,-147.98
FC(F)(F)C1CCNC(N2CCCC2)N1,287.0913333,-70.4
CSCF,405.556,-189.0
FC(Cl)(Cl)Cl,204.133,0.0
FC1=CC2=C(C=C1)OC1=C2C=CC=C1,313.848,-121.0
FC(C1=CC=CC=C1)(C1=CC=CC=C1)C1=CC=CC=C1,339.212,-127.0
CC1NOC(CN2CCC[C@@H]2C(F)F)N1,336.574,-123.65
CCS(=O)(=O)NC1CCC2OC(C(F)(F)F)NC2C1,288.893,-67.04
CS(=O)(=O)N1CCCC(C(F)(F)F)C1,284.651,-71.75
FC(F)(Br)OC1=CC=CC=C1,219.895,-13.0
NC(N)(C1=CC=CC=C1)C(F)(F)F,287.9746667,-66.0
FC1=CCC1,274.508,-85.0
CC1NC(C(F)(F)F)CCC1C(=O)N1CCNCC1,279.7043333,-67.74
N#CC1(C(=O)N2CCC(CF)CC2)CCC1,425.002,-223.64
FCOC1=CC=CC=C1,377.512,-149.0
[H]C([H])=C(F)F,273.977,-81.0
NC1CNCCC1C(F)(F)F,281.8336667,-65.2
FC1(C2=CC=CC=C2)CO1,352.784,-140.0
CC(=O)NC1CCCN(CC(F)(F)F)C1=O,276.743,-70.56
CC(F)(F)C1=CC=CC=C1,307.3585,-87.9
O=C(C1=CCCC1)N1CCN2C(NNC2C(F)(F)F)C1,279.4443333,-62.09
CCOC(=O)C(F)(Br)Br,261.567,-65.0
O=C(CCC(F)(F)F)C1=CC=CC=C1,276.9546667,-65.0
O=C(O)C1CCCN(CC(F)(F)F)C1=O,279.994,-70.6
O=C1C2CCCN2C(=O)N1C1CCN(CC(F)(F)F)C1,280.145,-69.15
CC(F)(F)F,272.5196667,-65.0
FC(F)N1CCNC1CN1CCOC2(CCCC2)C1,293.1205,-93.46
CC1NC(CN2CCC(CF)CC2)OC1C,437.816,-222.16
FC(F)(F)F,264.872,-61.7
O=C(O)C1CCN(CCF)N1,419.574,-222.27
FC(F)CC1=CC=CC=C1,323.696,-115.0
O=S(=O)(/N=C(/Cl)C(F)(F)F)C1=CC=CC=C1,276.1416667,-73.0
Cl.NC[C@@H]1C[C@H]1C1CCCC(C(F)(F)F)C1,284.5116667,-62.25
FC(F)(F)C1CNC(N2CCOCC2)C(Cl)C1,283.9086667,-61.5
CC1(C)OB(CC(F)(F)F)OC1(C)C,270.378,-58.0
[H]/C(CCC)=C(/[H])CC(F)(F)F,275.4286667,-68.0
FC(F)(F)C1NC[NH]N1,288.9106667,-64.49
NC(=O)NC1CCC(OC(F)F)NC1,291.753,-85.82
CC1NC(CNC(=O)N2CCC(C(F)(F)F)CC2)NO1,285.2166667,-73.36
O=C(NC1CCCCC1C(F)(F)F)N1CCC[C@@H]1CO,282.8306667,-61.01
CC1CC(CN2NC(C(F)(F)F)NC2C)NO1,285.521,-65.51
FC(F)(F)C1=CSC2=CC=CC=C21,268.5516667,-61.0
CC1=CC=C(/C(C)=C(/F)Cl)C=C1,273.648,-82.6
CN(C)C(F)(F)C1=CC=CC=C1,299.298,-78.0
CC1NOCC1CN1CCCC1CF,421.539,-222.48
CCC1(CC)CC1(F)F,348.9715,-139.0
CC(C)(C)C(=O)CS(=O)C(F)(F)F,273.9363333,-78.0
FC1(F)CCCCCCC1,288.7265,-91.5
N#C[C@H]1CC[C@@H](NC(=O)N2CC(F)C2)C1,385.502,-180.61
CC(=O)CCC(C)(F)F,314.523,-93.0
FC(F)(F)C1NCC[NH]1,288.4363333,-63.2
FCC1=CC=CC=C1,438.378,-204.3
CCC(F)C(C)C,394.905,-186.0
N[C@H]1CCN(S(=O)(=O)C2CCC(C(F)(F)F)CC2)C1,285.038,-63.0
CCCCC(F)(F)CBr,296.8485,-99.2
CC1NC(C(F)(F)F)OC1C(=O)O,290.1236667,-66.89
CNC1CCC(OC(F)(F)F)CN1,265.8943333,-59.17
FC(F)(F)C1=CNC2=CC=CC=C21,266.078,-68.0
CCCCCC(F)(F)Br,253.4,-44.0
CC1CNCCC1NC(=O)C1(CF)CCC1,440.402,-219.24
C[C@@H](CO)N(C)C1CCC(F)CN1,380.908,-145.18
NS(=O)(=O)C1CNCC(C(F)(F)F)C1,283.761,-62.6
[H]C(F)(CCCCCCCC)OS(C)(=O)=O,338.452,-119.0
FC(F)(F)C1CNCC(CN2CCNC2)C1,284.4113333,-62.5
CC1N[NH]C(C)C1CN[C@@H]1CCCC[C@H]1F,378.065,-176.72
OC[C@@H]1C[C@H](F)CN1CC1=CCCOC1,397.929,-167.79
FC(F)(F)C1CSC(N2CCNCC2)N1,282.5453333,-64.72
CC1(C)CN(C2CCNC(C(F)(F)F)C2)CCO1,279.2306667,-67.93
CC(F)(Cl)Cl,255.543,-44.0
CCCCCCCCCCCCSCF,403.729,-184.0
FC(F)(F)C1CNC2[NH]NNC2C1,283.226,-59.97
CC1NC(CN2CCC(C(F)(F)F)CC2)SC1C,279.8386667,-73.49
O=C(NC1CCCCC1C(F)(F)F)N1CCCCN1,279.4353333,-61.05
CCOC(=O)CC(N)C(F)(F)F,288.0986667,-79.0
NC(=O)[C@@H]1C[C@@H](F)CN1C(=O)C1CCCC2CC[NH]C12,396.845,-177.51
O=C(NC1CCCNC1)NC1CCCCC1C(F)(F)F,278.063,-60.44
CC1(F)CC(NC(=O)C2CCCO2)C1,337.79,-138.05
CCCCC(C)C(F)(F)F,279.3566667,-74.0
CC1OCCC1C(=O)NC1CC(C)(F)C1,359.666,-138.01
OC(C1=CC=CC=C1)C(F)(F)F,284.413,-79.0
F[C@@H]1CCCC[C@H]1NCC1CSNN1,381.949,-176.19
O=C(O)C1OCNC1C(F)F,323.84,-116.56
FC(F)(F)C1=CC=CS1,262.568,-55.0
FC(F)(F)C1=NC=CC=C1,274.392,-68.0
NC1CCC(C(F)(F)F)CC1N,285.048,-59.62
CN(C)C(=O)CN1CCCCC1C(F)F,323.411,-123.04
CC(F)CCN1CCC(O)CC12CCC2,389.911,-172.33
CC1NC(CN2CCCC(C(F)(F)F)C2=O)SC1C,277.2026667,-65.33
FC1=NC2=CC=CC=C2C=C1,259.243,-63.0
O=C(C1CC=CC1)N1C[C@@H](F)C[C@H]1CO,372.621,-166.76
CC1NNNN1CC1CCCC(C(F)F)C1,334.333,-110.54
O=C(C1SCCC1OC(F)F)N1CCCC1,293.5795,-83.43
CC1ONCC1CN1CCCC1C(F)(F)F,285.3553333,-74.82
CC1CNN(CCNC(=O)N2CC(F)C2)C1,388.147,-180.63
CC(C)(C(=O)O)[C@@H]1CCC[C@H](C(F)(F)F)N1,286.8203333,-76.06
CC1NNC(CN2CC(C(F)(F)F)CC(Cl)C2=O)O1,277.517,-62.33
CCCCCCCCC(F)N1N=NC2=C1C=CC=C2,371.623,-139.0
[H]C(=O)C(F)C1=CC=CC=C1,417.443,-191.0
NC1NCC(C(F)(F)F)S1,279.1156667,-54.77
FC1=CN=CN=C1,327.67,-137.0
CC1(C(=O)N2CCOC(CF)C2)COC1,440.781,-232.29
O=C(NCC(F)(F)F)C1=CC=CC=C1,282.2073333,-71.0
[H]/C(C1=CC=CC=C1)=C(/F)C(=O)OCC,320.04,-126.0
O=C(NCC(F)F)C1CC2N(N1)CCCC2,331.013,-123.29
FCCBr,407.88,-212.0
FC1=C(F)C(F)=C(F)C(F)=C1F,361.16,-162.0
CC(C)C1ONC(C(F)(F)F)C1C(=O)O,276.8086667,-63.27
F/C=C/OC1=CC=CC=C1,344.907,-156.0
CS(=O)(=O)NC1CCCC(C(F)(F)F)C1,283.0516667,-72.66
CC1=CC=C(C2=C(C(F)F)C=CO2)C=C1,317.816,-106.0
FC(F)(F)C1=CC=CN1,266.1886667,-59.0
CCOC(=O)CC(F)(F)F,271.6883333,-65.0
[H]C#C/C(C1=CC=CC=C1)=C(/[H])C(F)(F)C(=O)OCC,295.3325,-95.0
O=C(COC(F)F)N1CCC2CCCCC21,290.6555,-84.26
CCOC(=O)C(F)(F)Br,264.3285,-61.3
O=C(CN1CC(C(F)(F)F)CCC1=O)N1CCOCC1,282.4426667,-62.24
COCCC(F)(F)F,276.419,-66.0
FC(F)(F)C1(C2=CC=CC=C2)NN1,282.326,-76.0
FC(F)(F)C1=CC=CC(C(F)(F)F)=C1,269.461,-63.3
FC(F)(F)C1=CSC=C1,266.9433333,-60.0
CC1(C)CN(CC(O)C(F)(F)F)CC1O,287.9193333,-78.82
O=C(O)CC1SC2CCC(C(F)(F)F)CC2NC1=O,284.4766667,-62.36
CC1CC(CN2CCC[C@@H]2C(F)F)ON1,325.776,-124.63
FC(F)(I)CCI,234.641,-39.0
CCC(C)F,395.958,-173.0
[H]/C(C(=O)OC)=C(/F)CCCC,257.43,-76.0
CC1(C)CN(C(=O)C2CCNCC2C(F)(F)F)CCO1,273.0353333,-60.22
CC1(F)CCN(C(=O)C2CCOC2)C1,363.639,-142.01
CC1(F)CCCN(CC(=O)N2CCC2)C1,349.105,-148.24
O=C(N[C@@H]1CCCC[C@H]1F)C1CC1,399.949,-175.9
C/C=C/F,314.129,-130.0
CC(F)(F)Cl,256.331,-46.0
CC1CC(C(F)(F)F)NN1CCC#N,282.7856667,-61.96
FC(F)(F)C1=CC=CC2=CC=CC=C21,267.6273333,-60.0
CC1CC(C(=O)O)C(C)N1CC(F)(F)F,282.3146667,-70.11
O=C1NCCNC1(O)C(F)(F)F,288.667,-80.82
FC(F)(SC1=CC=CC=C1)C1=CC=CC=C1,280.9235,-72.0
CCCCSCC(F)(F)F,275.8306667,-69.0
CCCCSC(F)(F)F,251.1306667,-48.0
O=C(NCC1CCCO1)N1CCC(O)(C(F)(F)F)CC1,293.9596667,-84.4
OC1CCC(NC2NCC(C(F)(F)F)CC2Cl)CC1,283.8936667,-60.9
FC(F)(F)C#CC(F)(F)F,259.0275,-53.0
F/C=C/Cl,310.602,-128.0
CC1CCCC(C(=O)NC2CCC(C(F)(F)F)CC2)N1,284.559,-73.64
CC(N1CCN(S(C)(=O)=O)CC1)C(F)(F)F,279.9023333,-71.02
FC1=CC2=C(C=C1)C1=C(C=CC=C1)O2,304.731,-114.0
FC(F)(F)C1=NC2=CC=CC=C2S1,267.5426667,-62.0
CC1NN(CC(F)F)CC1C(=O)O,328.8635,-123.95
CCCC(F)F,325.3715,-116.0
F/C(Br)=C/C1=CC=CC=C1,250.273,-66.0
FC(F)C1=NC2=C(C=CC=C2)N1,320.0465,-115.0
CC(C)(N)C(=O)N1CCN(C(=O)CC(F)(F)F)CC1.Cl,270.045,-62.7
CC1CN(C(N)=O)CCN1CC(F)(F)F,279.1636667,-68.55
[H]/C(C(=O)CC)=C(/F)CCCC,261.741,-78.0
Cl.N[C@@H]1CC2CCCCC2O[C@H]1C(F)(F)F,287.9023333,-75.1
N#CC1CCC(C(=O)N2CCN(CC(F)(F)F)CC2)CC1,283.4963333,-67.97
CC(=O)CC(C)(F)F,300.0885,-98.0
C[Si](C)(C)OS(=O)(=O)C(F)(F)F,279.6363333,-78.0
CCC1NCCN1CC(F)F,331.774,-124.04
CC(=O)N1CCOC2CCC(C(F)(F)F)CC21,283.6013333,-61.35
CC(F)C(C)F,401.786,-187.0
CCCCOCC(F)(F)F,282.58,-75.0
O=S(=O)(OCF)C1=CC=CC=C1,354.005,-154.0
O=C(NCCC1CCCS1)N1CC(F)C1,388.143,-180.63
C[Si](C)(C)C(F)(F)Cl,269.445,-58.0
O=C1CCCC1F,398.053,-194.0
CC(C)NC(=O)N1C[C@@H](F)C[C@H]1CO,401.215,-169.34
F/C=C/Cl,314.717,-131.0
[H]C(F)(SCC)C(=O)OCC,386.538,-163.0
FC1=CC=CN=C1,319.042,-126.0
O=C(O)C1CNN(CC(F)F)C1,332.822,-124.0
CC1(C)CN(CC(O)C(F)(F)F)CC2(CCCC2)O1,279.3246667,-78.51
COC1=CC=C(F)C=C1,320.024,-125.2
FC(F)(F)C1=CC=CC=C1,269.498,-63.0
FC(F)(F)C1=NC2=CC=CC=C2N=C1,273.158,-67.0
O=C1NCCN1C1CCCC(C(F)(F)F)C1,285.652,-62.45
FC(F)(F)C1=CC(Cl)=NC=C1,270.9833333,-65.0
CC1(NC(=O)NC2CCNCC2F)CCOCC1,381.314,-145.44
CCC(F)CC,403.868,-183.0
FC(F)(F)C1=CCN(C2CNCCN2)CC1,279.6666667,-69.28
FC1=CC=C2N=CC=CC2=C1,306.005,-114.0
CC1CC(C)N2NCC(C(=O)NCC(F)(F)F)C2N1,282.2873333,-71.6
FC1=NC=CN=C1,276.337,-80.0
CC1NCC(C(F)(F)F)CC1C(=O)O,283.9966667,-62.68
CCCCCC/C=C(/F)CCCCCC,311.663,-111.0
FC(F)(F)C1CCNN1C1CCCNC1,284.0143333,-61.43
CCCCC1=C(C2=CC=CC=C2)NN=C1F,333.17,-133.0
OCC1CCN(C2NC(C(F)(F)F)CS2)CC1,285.2143333,-64.75
CC1CC2N(N1)CC(C(F)(F)F)CN2,279.3726667,-70.4
FC(F)(F)C1=CC(C(F)(F)F)=C(C(F)(F)F)C=C1C(F)(F)F,267.4708333,-60.3
CC(=O)OC/C=C/F,316.735,-123.0
CC1=CC=C(F)C=C1,311.668,-119.2
CCN1CNCC1CN1CCCC(C)(F)C1,349.626,-147.63
CC(O)(CN1CCNC(=O)C1)C(F)(F)F,285.4836667,-81.77
Cl.O=C(O)C1CCN(CC(F)F)CC1,328.489,-120.31
O=C(NC1CNC2C(C1)COCC2)C1CCC(C(F)F)O1,329.6515,-116.22
CN1CC(C(F)(F)F)NN1,281.4873333,-61.06
CCOC(=O)C(F)(F)C1=CC2=C(C=CC=C2)O1,316.629,-105.0
[H]/C=C(/F)Br,248.759,-61.0
CNC(=O)CC1CCC(C(F)(F)F)CC1,284.4396667,-71.56
CN(C)C(=O)C1C[NH]C(C(F)(F)F)C1,283.888,-59.53
FC(F)(F)C1=CC=NC=C1,271.242,-65.0
O=S(=O)(OS(=O)(=O)C(F)(F)F)C(F)(F)F,264.3236667,-72.0
O=S(=O)(C1=CC=CC=C1)C(F)(F)C1=CC=CO1,308.719,-102.0
O=C(C1CCC(=O)[NH]N1)N1CCCC(C(F)(F)F)C1,283.0346667,-71.61
CCOC(=O)CC(F)F,322.2275,-117.0
FC(F)(F)CBr,277.0936667,-69.3
C/C=C/F,318.154,-128.0
O=C(C1CC=CC1)N1CCC(C(F)(F)F)C2(CCC2)C1,277.46,-63.05
CC1CC(C)CN(C(=O)C2CCC(C(F)(F)F)CN2)C1,283.5813333,-62.62
O=S(=O)(C1=CC=CC=C1)C(F)(F)C1=CC=CS1,300.178,-93.0
F/C(Cl)=C(/F)Cl,311.823,-120.0
O=C1CC(C(F)F)NCN1C1C=CCCC1,339.9435,-122.63
CC1[NH]NC(C(F)(F)F)C1Cl,277.1306667,-62.35
CC1NCCN1CC(C)(O)C(F)(F)F,284.7496667,-81.48
FC(F)(F)CCl,278.9606667,-72.1
N#CC1CNN(-C2CCC(C(F)(F)F)CC2)C1N,279.4213333,-62.21
CN1NC(C(F)(F)F)CC1CO,283.2623333,-61.68
O=C(C1CCC(OC(F)(F)F)CC1)N1CCOCC1,264.161,-57.79
O=C(Cl)C(F)(F)F,279.6656667,-76.0
FC(F)SC1=NC2=C(C=CC=C2)N1,302.405,-92.0
CC(=O)C(C)F,392.437,-190.0
CC(C)(N)C1CC(C(F)F)ON1.Cl,338.1935,-118.64
O=C(C1CCCS1)N1CCOC(CF)C1,442.27,-232.42
[H]/C(=N/C1=CC=CC=C1)C(F)(F)F,280.854,-71.0
[H]/C(=N/O)C(F)(F)F,275.3236667,-65.5
[H]C(F)(CCCCCCCC)OC1=CC=CC=C1,343.644,-121.0
O=C(NC1CCNCC1F)N[C@@H]1C[C@H]1CO,380.602,-144.9
CN(C)C(=O)C(F)(F)I,252.603,-51.0
CC(C)(F)F,304.248,-84.5
CCOC(F)(F)C(=O)C(C)C,294.117,-83.0
CC1(C)COCC1NC(=O)C1CC(F)C[NH]1,373.947,-163.86
N#CC1(CN2C[C@@H](F)C[C@H]2CO)CC1,374.504,-167.54
FC(F)(F)Br,218.2356667,-5.0
CCCC(=O)C(F)CCC,407.464,-193.0
CC1CC(CN2NC(C(F)(F)F)CCC2=O)NO1,286.1683333,-67.29
O=C(O)C1CC(C(F)F)[NH]N1,339.415,-112.99
O=C(O)[C@@H]1CC=CC[C@H]1C(F)(F)F,280.6533333,-71.12
CC1CC(C(=O)NC2(C(F)F)CC2)OC1C,334.332,-120.61
[H]/C(C(=O)CC)=C(/F)CCCC,260.205,-82.0
CC1NC(C(F)(F)F)CCC1O,286.2483333,-65.61
O=[N+]([O-])C1=CC=C(OC(F)F)C=C1,290.0635,-79.3
N#CCC(=O)N1CC=C(C(F)(F)F)CC1,278.921,-69.38
O=[N+]([O-])C1=CC=C(F)C=C1,289.471,-103.6
CC1NC(CN2CCCC(C(F)(F)F)C2=O)NO1,276.7973333,-65.9
CC(F)(F)CO,322.264,-96.1
O=C(NCC(F)(F)F)C1CCC2CCCCC2N1,282.4033333,-71.74
COC(=O)C(F)(F)C1=CC=CC=C1,319.5755,-104.3
O=S(=O)(O)C(F)(F)F,277.817,-80.0
CN(C)C(=O)C(F)(F)Br,258.5345,-54.0
CC(=O)C(F)(F)F,285.6756667,-81.0
CN1CCC(C(=O)N2C[C@@H](F)C[C@H]2CO)C1,367.966,-167.76
FC(F)N1C=CN=C1,295.771,-93.0
CC1NC(-C2CCC(C(F)F)CC2)SC1C(=O)O,334.7035,-111.59
O=C(N[C@@H]1CCCOC1)C1CC(F)C[NH]1,371.869,-163.94
Cl.N#CC1CCCNC1N1CC(CC(F)F)C1,330.261,-116.53
CC1=C2C(F)=CC=CC2=CC=C1,306.241,-113.0
CCC(F)C1=CC=CC=C1,405.058,-176.0
O=C(NC1(C(F)F)CC1)C1CCNCC1,334.7725,-120.82
CCC(=O)CC(F)(F)C1=CC=CC=C1,299.756,-96.0
CCOP(=O)(OCC)/C(F)=C/C(C)N(CC1=CC=CC=C1)CC1=CC=CC=C1,319.252,-127.0
O=C(O)[C@@H]1CCCC[C@H]1C(F)(F)F,281.7493333,-71.64
CCC1COCCN1C(=O)NC1CCCC(C(F)F)C1,330.0515,-110.11
CC1CCC(CNC(=O)N2CC(F)C2)S1,388.258,-180.61
CC1NCN(CC2NCCN2C(F)F)C1C,301.5405,-93.0
CC(=O)C(F)(F)C(C)=O,326.5085,-115.0
CC1CNC(CN2C(C(F)(F)F)CSC2=O)CN1,281.408,-63.44
CCCCC(C)F,392.029,-172.0
CC1CC(N2CCCC(F)C2)NCN1,376.272,-184.31
NC1CCCC(OCC(F)F)N1,329.499,-126.56
FC(F)(F)C1=CC=CN=C1,269.484,-62.0
O=[N+]([O-])C1=CC=C(C(F)F)C=C1,328.368,-113.0
C[C@@H]1OC[C@H](C(F)(F)F)[C@H]1C(=O)O,279.2673333,-71.14
CC1CCC(NC(=O)N2CC[C@H](O)C2)CC1C(F)(F)F,279.911,-61.61
O=C(NC1CCCCC1C(F)(F)F)C1CCCCN1,279.4033333,-69.73
NC(=O)[C@@H]1C[C@@H](F)CN1C(=O)C1CCC2CC[NH]C2C1,398.269,-177.73
CCCCCCC(=O)CCC(F)(F)F,278.322,-67.0
CN1CCC(NC(=O)C2CCCCC2C(F)(F)F)N1,280.7993333,-59.08
FCC1=CC=C(Cl)C=C1,437.335,-208.0
FCCCl,419.317,-220.0
FC1=CC=CC2=CC=CC=C12,315.722,-124.0
CC1CCCC(C(=O)N2CCN(CC(F)F)CC2)C1,328.528,-119.88
OC/C=C/F,312.291,-126.0
CC1CC(C(=O)N2CC(O)(C(F)F)C2)NS1,339.9485,-134.57
[H]/C(CCCC)=C(/[H])C(F)(F)F,274.23,-65.0
CC1(F)CCCC1,367.141,-135.0
CCOC(=O)C(F)(Br)OC1=CC=CC=C1,258.623,-58.0
CC1CNC2C(F)CCCC2C1.Cl,370.727,-136.57
FCC1CN(C2NC(C3CC3)NS2)C1,435.239,-228.77
FC(F)C1=CC2=CC=CC=C2O1,320.2745,-115.0
[H]C1=C(F)OC(F)=C1[H],319.926,-123.0
FC(F)P(C1=CC=CC=C1)C1=CC=CC=C1,320.0445,-117.0
CCNC(=O)C(F)(F)F,283.703,-74.0
CN1CCC(C(F)(F)F)N1,282.6133333,-61.51
CC(F)(F)C1=C(Cl)C2=CC=CC=C2N1,303.111,-87.0
CC1C(C(F)(F)F)N[NH]C1CO,282.0313333,-61.3
CN1CNC(C(=O)N[C@@H]2CCCC[C@H]2F)C1,392.194,-176.06
O=C1CC(C(F)(F)F)CN[NH]1,283.1303333,-65.95
O=C(NC1CCCNC1)[C@H]1C[C@@H]1C(F)F,330.0885,-116.24
FC1CCC(N2CCSCC2)NC1,377.212,-141.94
CC1CSCC1C(=O)N1CC(CF)C1,441.855,-228.51
CCCCCCCCC(F)(F)Cl,265.97,-49.0
CCCCC(F)(F)CI,305.8775,-94.9
OC1NCN(-C2CCC(C(F)(F)F)CC2)N1,284.6423333,-61.7
CC1CCN(C(=O)NC2NC(C(F)(F)F)CS2)C1,282.7906667,-64.19
FC1=CC=CS1,318.596,-135.0
CN1NC(C(=O)O)C(Cl)C1C(F)(F)F,281.5236667,-59.85
[H]C1=C(C)ON=C1C(F)(F)F,268.448,-60.0
OC/C=C(/F)C1=CC=CC=C1,318.044,-118.0
CC(=O)OC/C=C/F,307.903,-125.0
FC(F)(F)C1=NC2=CC=CC=C2C=C1,273.3133333,-68.0
FC(Cl)(Cl)CC1=CC=CC=C1,261.501,-56.0
FC(F)(F)C1=CC=CO1,270.8276667,-64.0
Cl.FC(F)(F)C1CCC(OC2CCNC2)NC1,279.577,-61.42
O=C([O-])CC1CC(C(F)(F)F)CCN1.[Na+],278.862,-64.75
FC(F)CCC1=CC=CC=C1,325.8825,-117.0
FC(F)OC1=CC=C(Cl)N=C1,286.9015,-82.0
O=C1CC(C(F)(F)F)[NH]N1CC1CCC(Cl)CC1,284.279,-62.64
CC(F)C1=CC=CC=C1,394.757,-167.0
CC1CCC(CC(=O)N2C[C@H](F)C[C@H]2C(N)=O)CN1,398.383,-177.57
CNC(=O)N1CC(=O)N(CC(F)(F)F)C1,278.564,-70.08
CN(C)C(=O)CC(F)(F)F,275.143,-63.0
CCN1NCC(C(=O)O)C1C(F)(F)F,281.1336667,-61.12
CCN1C(=O)NC(C2CCCCC2)(C(F)(F)F)C1=O,274.953,-74.29
FC(F)(Cl)C1=CC=C(C(F)(F)Cl)C=C1,261.837,-50.0
CN1CCNC1CN[C@@H]1CCCC[C@H]1F,383.892,-176.34
OCCCCF,428.415,-216.0
N#CC1CCC(N2CCOC(CF)C2)CC1,443.046,-231.5
O=C(C1=CC=CC=C1)C(F)(F)Br,261.4085,-58.0
O=[N+]([O-])C(F)(F)CCC1=CC=CC=C1,296.232,-87.0
CC1CN(C(=O)C2CCC(C(F)(F)F)CC2)C(C)CO1,285.2766667,-62.6
CC1CCCC(NC(=O)[C@H]2C[C@@H]2C(F)F)C1,317.6245,-116.74
FC(F)N1C=NC2=CC=CC=C21,299.4185,-96.0
CCCCCCCCC(F)F,324.5065,-116.0
CC1CCCC(C(=O)NC2(C(F)F)CC2)N1,335.7,-120.64
FC1CCCCC1,400.237,-175.0
CC1CC(N2CCCC(CC(F)(F)F)C2)CCN1,274.0066667,-63.17
Cl.FC(F)(F)C1CC2N(N1)CCNC2,263.5553333,-61.75
CC1=C(OC(F)F)CCC1,288.5895,-82.0
[H]C1=NN(C)C(F)=C1[H],334.181,-136.0
CCCCOCC(F)(F)CC,324.5965,-107.5
[H]/C(F)=C(/C)CCCCCCCCCCC,324.384,-137.0
FC(F)(F)C1=NNC2=CC=CC=C21,268.745,-60.0
CCCCF,425.905,-219.0
CNC(=O)CN1CC=C(C(F)(F)F)CC1,279.672,-69.2
O=C(NC1CC1)C1CC1(F)C1CCCCC1,389.614,-153.74
[H]C1=C(CCC2=CC=CC=C2)OC(C(F)(F)F)=C1[H],270.7996667,-65.0
CC1=CC(F)=NC(C)=N1,259.916,-63.0
O=C(O)CC(F)(F)F,275.5806667,-64.0
CC(C(=O)O)N1CCC(C(F)(F)F)N1,282.573,-61.81
CC1C(NC(=O)N2CCOCC2)CCCC1OC(F)F,284.331,-81.06
CC1(C2CCC(C#N)CC2)NC(=O)N(CC(F)(F)F)C1=O,278.786,-70.81
[H]/C(CCCCCCC)=C(/F)C(=O)OCCCC,328.966,-130.6
CN1NCCC1C(F)(F)F,284.6066667,-60.95
NC1NC2C(C(F)(F)F)CCCC2S1,280.5596667,-61.32
FC(F)OC1=NC(Cl)=CC=C1,297.267,-89.0
FC(F)(F)C1CC1,277.5243333,-84.0
CCCCCCCCC(F)(F)CN,323.2515,-107.8
CS(=O)(=O)C(F)(F)F,283.4006667,-81.0
CC1CCC(CN2CCC(O)(C(F)(F)F)CC2)O1,291.335,-84.33
O=C(C1CC=CCC1)N1CC(CC(F)F)C1,328.904,-116.84
O=C(C1CCCCC1OC(F)F)N1CCOC2(CCC2)C1,280.8545,-82.86
NCC(F)(F)C1=CC=CC=C1,322.289,-106.5
CC1CN(CC(O)C(F)(F)F)CC(=O)N1,289.3656667,-78.68
CC1(NC(=O)NC2CCNCC2F)CCC1,381.571,-145.43
CC1N[NH]CC1CN1CCC[C@@H]1C(F)F,334.465,-125.08
FC(F)C#CC1=CC=CC=C1,315.9985,-106.0
CNC1NC(C(F)(F)F)CO1,283.546,-64.86
FC(F)C1CCC(CN2CNCN2)CC1,331.9215,-110.3
O=C(NC1CCC2[NH]C(C(F)F)NC2C1)C1(O)CCCC1,341.1415,-116.68
N#CC1CCCC(NC(=O)N2CCCC(C(F)(F)F)C2)C1,279.4783333,-71.56
FC(F)C1NNC(N2CCCCC2)S1,326.25,-109.66
O=C1NC2(CCC3CCCCC32)C(=O)N1CC(F)(F)F,279.4646667,-70.84
CCC1=C2C(F)=CC=CC2=CC=C1,308.305,-114.0
O=C(C1=CCCCC1)N1CC(CC(F)F)C1,328.8535,-116.77
CCOC1CCC2C(C1)CN(C(=O)[C@H]1C[C@H](F)CN1)CC2,408.527,-173.58
O=S(=O)(O)C(F)F,321.2005,-121.0
O=C(C1CC=CC1)N1CC(CC(F)F)C1,327.839,-116.82
N#CC1CCCC(CN2CC(C(F)(F)F)CCC2=O)C1,283.5856667,-62.18
CC1=NC=C(F)C=N1,335.368,-142.0
CN1CC(CN[C@@H]2CCCC[C@H]2F)NN1,400.091,-176.41
Cl.FC(F)(F)[C@]12CCC[C@H]1CNC2,283.167,-74.53
[H]C1=NNC([H])=C1F,376.034,-181.0
COC1CCCC(C(=O)N[C@@H]2CCC[C@@H]2F)C1,393.076,-189.14
O=C1C(C(F)(F)F)CCCN1CC1CCC1,277.1553333,-65.24
CCCCCCC(=O)C(F)(F)Cl,276.9825,-85.0
NC(=O)C1CC1C1CCCC(C(F)(F)F)C1,275.8046667,-62.22
O=C(C1CCCCC1OC(F)F)N1CCSCC1,282.738,-82.15
FCCF,447.451,-226.0
CCOC(=O)C(F)(F)C1=NC2=CC=CC=C2C=C1,307.5815,-105.0
C=C(F)CCCC,278.418,-95.0
CC(C)(C)C(F)(F)F,288.9213333,-81.0
NS(=O)(=O)C1CNN(-C2CCCC(C(F)(F)F)C2)C1,283.3776667,-62.57
CC1CN(C(=O)C2(C(F)(F)F)CCC2)C1,284.762,-74.65
O=C1CCCCC(C(F)(F)F)N1,285.8703333,-75.32
CC1NN(C)CC1-C1CSC(CC(F)(F)F)N1,274.142,-65.2
[H]C(F)(OCC)C(=O)OCC,327.839,-133.0
FC(F)(F)C1CCCNC1N1CCC2(CCCOC2)C1,279.2116667,-54.96
CC1(C(=O)NC2CC(C(F)(F)F)C[NH]C2=O)CCCC1,283.596,-62.0
FC1(F)CCCCC1,299.213,-97.0
C=CF,295.947,-113.0
FC(F)(Br)C1=CC=C(C(F)(F)Br)C=C1,251.304,-46.0
[H]/C(C1=CC=CC=C1)=C(/F)C(=O)OCC,306.974,-118.0
FC(F)(OC1=CC=CC=C1)SC1=CC=CC=C1,245.178,-43.0
O=C(NCC(F)(F)F)C1CSC2CCCCC2O1,282.2276667,-72.0
COC1CCCC(C2(N)CCOCC2)C1F.Cl,364.8,-135.16
O=S(=O)(CF)C1=CC=CC=C1,408.933,-211.0
FC(F)C1CNC(NC2CC23CC3)NC1,335.067,-110.71
CN1C2=CC=CC=C2C=C1C(F)F,317.221,-109.0
[H]/C(C(=O)O)=C(/F)CC,256.999,-73.0
CCOC(=O)CF,438.643,-230.0
CC12CCC(=O)N1C(C(=O)NCC(F)(F)F)CS2,282.381,-71.99
CC1NCCC(N(C)CC(F)F)N1,334.003,-122.21
CC1SCCC1C(=O)N1CCCC1CF,422.854,-225.87
C#CC1=CC=C(C(F)(F)F)O1,270.9633333,-62.0
O=C(CC1(O)CCC1)N[C@@H]1CCCC[C@H]1F,381.069,-176.18
C[C@@H]1CC=CC[C@H]1C(=O)NC1(C(F)F)CC1,334.6725,-120.97
FC(F)(F)C1=NC=CN=C1,274.3186667,-67.0
FC(F)(F)COC1=CC=CC=C1,279.7323333,-75.0
N#CC1CCCC(C(=O)N2CCC(C(F)(F)F)CC2)C1,284.9586667,-73.58
NC(=O)[C@@H]1C[C@@H](F)CN1C(=O)C1CCC2CNCN2C1,398.491,-177.79
NC1NNC(CC(F)(F)F)S1,275.9026667,-65.27
O=C1CC[NH]C(C(F)(F)F)N1,290.594,-71.37
N#CC1=CC=C(CF)C=C1,437.191,-215.7
CC1NOCC1CN[C@@H]1CCCC[C@H]1F,395.664,-176.07
CCOC(=O)C(C)(F)F,315.3465,-100.0
OCC1NC(-C2CCCCC2C(F)(F)F)NS1,277.506,-58.25
[H]C(F)(CCCCCCCC)SC(=S)OCC,372.096,-154.0
CC1NOC(C)C1C(=O)NC1CCCC(C(F)(F)F)C1,275.758,-62.5
FC1=CC=NC=C1,294.888,-103.0
CCN(CCF)C1=CC=CC=C1,433.776,-193.0
CCCC(C)(C)F,349.435,-137.0
CN1C=CN(C(F)F)C1=S,304.6035,-100.0
CC1CNCC(CNC(=O)N2CC(F)C2)C1,388.07,-180.66
CC(=O)NC1CCCC2CC(OC(F)F)CCC21,281.47,-81.76
[H]/C(=C(/[H])C(F)(F)F)C(F)(F)F,267.9143333,-60.6
[N-]=[N+]=NC(F)(F)C(=O)C1=CC=CC=C1,292.702,-78.0
O=S(=O)(C1CCCC(C(F)(F)F)C1)N1CCNCC1,284.8276667,-62.68
COC(F)(F)C1=CC=CC=C1,291.8625,-72.0
F/C(Br)=C/C1=CC=CC=C1,256.359,-68.0
CC1(CNC(=O)N2CC(F)C2)CCOC1,385.582,-180.69
O=C(NCC(F)F)N1CCC(C2CCCCC2)CC1,333.327,-123.61
FC1=CC2=CC=CC=C2N=C1,322.315,-129.0
O=C(O)C1(C(F)(F)F)CCNC1,275.591,-71.98
CC(=O)CF,437.814,-226.0
COCC(=O)N1CCSC2CCC(C(F)(F)F)CC21,284.1656667,-62.06
CCCF,429.556,-219.0
CC(O)(CN1CCNC1)C(F)(F)F,289.2083333,-81.4
CC1(C(=O)N2CC(CC(F)F)C2)COC1,328.8415,-117.16
CN(C)C(=O)C(F)F,335.814,-122.7
CCC(=O)N1CCOC(C2CCC(C(F)(F)F)CC2)C1,279.3906667,-62.28
O=C(C1CCC2[NH]CNC2C1)N1CCCC(C(F)(F)F)C1,282.9186667,-71.52
FC(Cl)=C(Cl)Cl,270.04,-80.0
O=C(N1CCCO1)C12CC3CC(CC(F)(C3)C1)C2,354.25,-126.31
O=C(O)C1CNCC(C(F)F)C1,330.917,-113.39
NC(=O)C1(C2CCC(C(F)(F)F)CC2)CC1,284.4843333,-61.86
CCOP(=O)(OCC)C(F)(F)C1=CC=C(C)C=C1,317.6865,-109.0
N#CC1CNN(CC2NCCN2C(F)F)C1,300.302,-93.21
CC1C(Cl)C(C(F)F)NN1CC(=O)O,332.8655,-115.72
O=S(C1=CC=CC=C1)C(F)(F)F,276.539,-75.0
CS(=O)(=O)NC1CCN(CC(F)(F)F)C1,279.0726667,-69.22
CC1CCCCC1CC(=O)N1CCC(O)(C(F)(F)F)C1,288.872,-80.44
O=C(NC1CCCC(OC(F)F)C1)N1CCSCC1,283.2,-81.74
COC1=CC=C(/C=C/CF)C=C1,414.691,-208.0
CC1=CCCN(CC2NC(C(F)F)NO2)C1,327.3645,-121.22
N=C(Cl)C(F)(F)F,280.5843333,-72.0
[H]/C(CCCCCC)=C(/[H])C(F)(F)F,274.246,-65.0
FCF,342.932,-148.0
C=CC(F)(F)I,243.7865,-42.0
O=C(O)C(F)(F)S(=O)(=O)O,308.2135,-110.8
CC1=NC(F)=NC(Cl)=C1,243.062,-44.0
CN1CNCC1CCN1CCCC(C)(F)C1,359.239,-148.15
CC1NNNN1CC1CCC(C(F)F)CC1,335.208,-110.52
CC(=O)OCC(F)(F)C1=CC=CC=C1,318.8225,-105.0
N#CC1(NC(=O)C2CCCC(C(F)(F)F)C2)CCOCC1,283.1676667,-62.51
CC1=CC=C(/C(C)=C(/F)Cl)C=C1,274.964,-81.5
FCSC1=CC=CC=C1,393.914,-180.0
O=C(NC1CCCC(C(F)(F)F)C1)N1CCOCC1,284.938,-71.62
CCN1NCC(C(=O)N2CC[C@@H](N)C2)C1C(F)(F)F.Cl,271.0616667,-60.84
CC1NC(C(F)(F)F)CCC1N,278.1313333,-65.72
CC1CC(C(F)F)NN1C(C)C(=O)O,340.5035,-111.86
NC1NC2C(OC(F)F)CCCC2S1,296.613,-81.81
FC1=CCCCC1,292.884,-101.0
CCCCCC(F)(F)P(=O)(OCC)OCC,320.824,-112.0
NC(=O)NC[C@H]1CCCC[C@H]1C(F)(F)F,279.0403333,-66.84
CC1=NN(C2CCC(C(F)(F)F)CN2)C(=O)C1,282.67,-61.76
[H]C1=C(C(F)F)N(C2=CC=CC=C2)N=C1C1=CC=CC=C1,314.767,-110.0
O=C(NC1(C(F)(F)F)CCC2CCCCC21)[C@@H]1CCCO1,284.5376667,-78.35
[H]C([H])=C([H])F,295.947,-113.0
CN1C(=O)CNC2CCC(C(F)(F)F)CC21,284.4533333,-60.7
CCCC(O)C(F)CCC,419.635,-191.0
CCCCCCCCC(F)Br,325.313,-131.0
NC1NNC(-C2CCCC(C(F)(F)F)C2)S1,275.6873333,-62.61
CCCC[Si](F)(CCCC)CCCC,390.661,-171.0
CCN(C)C(=O)N1C[C@H](F)C[C@H]1C(N)=O,403.794,-178.06
CC1(F)CCN(C(=O)C2CCSN2)C1,363.464,-141.69
CC1CC(C(=O)NC2(C(F)F)CC2)N(C)N1,334.3505,-120.71
CC1(C)CN(C(=O)CC(F)(F)F)C2CCCCC2O1,274.6373333,-62.33
FC(F)(F)Cl,231.866,-28.0
O=C(CC1CCOC1)N1CCC[C@@H]1C(F)F,327.53,-125.54
CC1CCNC(N2CCC[C@@H]2C(F)F)N1,334.3985,-125.09
[H]C(F)(Br)CC(C)=O,338.287,-135.0
CC1CN(CC(O)C(F)(F)F)CCCO1,288.9166667,-78.84
CCCCCCCCC1=CC=C(F)O1,313.984,-118.0
CC(C)(C)CF,426.513,-223.0
O=C1CSC(C(F)(F)F)CN1,280.2353333,-70.48
CCCCCCCCC(F)C#N,412.209,-179.0
CN1CCCC1CN1CCOC(CF)C1,430.542,-230.69
CC1COC2CCC(C(F)(F)F)CC2N1,283.93,-61.31
NC1CC(CN2CCC[C@@H]2C(F)F)CCN1,337.4615,-124.77
COC(=O)C(F)F,336.6175,-127.3
FCC1=CC2=CC=CC=C2C=C1,438.388,-202.0
CCCCCC/C=C(/F)CCCCCC,298.366,-106.0
O=C(N[C@@H]1CCCC[C@H]1F)C1CC[NH]N1,394.286,-176.03
O=C(OCC(F)(F)F)C1=CC=CC=C1,281.1616667,-73.0
CS(=O)(=O)N1CCN(C(=O)CC(F)(F)F)CC1,274.8936667,-62.65
CCCCC/C=C/C=C/C(F)(F)F,273.0946667,-64.0
CC(=O)NC1(C2NOC(C(F)(F)F)N2)CCCCCC1,289.9333333,-65.76
CN1CCC(C(=O)NC2CC(O)(C(F)(F)F)C2)N1,290.4253333,-84.1
FC(F)(F)C1=CC2=CC=CC=C2S1,263.862,-57.0
CC1N[NH]CC1C(F)(F)F,273.9536667,-56.4
CC(C)/N=C(/C1=CC=CC=C1)C(F)F,320.2845,-118.0
FC(F)C1=NC2=CC=CC=C2C=C1,312.2625,-111.0
CCC1CCN(C(=O)C(C)C(F)(F)F)C1,276.8893333,-69.36
CC1NN(-C2CCCCC2Cl)C(C(F)F)C1C(=O)O,329.2765,-111.53
CCC(F)C(=O)N(C)C,409.561,-187.0
O=C(NCC(F)F)C1CCC2CC[NH]C2N1,332.9725,-123.08
O=C(O)C1CCNN1C(F)F,318.0145,-96.91
N#CC(F)(F)C1=CC=CC=C1,301.262,-83.5
CCCCCCCCC1=CC=C(F)N1C,340.897,-143.0
OCCC1CCCNC1C(F)(F)F,279.8763333,-63.02
CC(C)(O)C1CCCN1C1CCC(C(F)(F)F)CN1,283.8543333,-60.85
CC1CNC(C(C)N2CCC(C(F)(F)F)CC2)O1,283.975,-73.52
O=C(CN1CCCN1)N[C@@H]1CCCC[C@H]1F,380.664,-176.34
CN1CCCC1CNC(=O)N1CC(F)C1,384.977,-180.61
COC1CCCN(C2CCC(F)CN2)C1,377.756,-142.02
FC(F)(CBr)C1=CC=CC=C1,313.2745,-98.2
CC1CN(C2CCN(CC(F)(F)F)C2=O)CCS1,278.4836667,-69.87
O=C(C1CCNCC1C(F)(F)F)N1CCC2(CCC2)C1,280.3476667,-60.5
CN(CC(F)(F)F)[C@H]1CC[C@H](O)CC1,283.242,-69.88
CC(N)C1CNC(C(F)(F)F)S1.Cl,277.3713333,-61.15
NC1NC(C(F)(F)F)NS1,288.78,-67.28
CCC(CC)CF,443.949,-226.0
CC(=O)N1CCN(CC(F)(F)F)C2CCCCC21,280.816,-69.72
CCCC/C=C/C(F)(F)F,265.9546667,-59.0
CC1(C)CCCN(C(=O)[C@H]2C[C@H](F)CN2)C1,374.686,-173.42
N#CC1(C(=O)N2CCC(C(F)(F)F)CC2)CCCC1,284.7546667,-73.55
CCCCCCCCC1=C(F)C=CS1,334.987,-137.0
CCCCNC(F)(F)F,270.5233333,-49.0
F/C(Cl)=C/C1=CC=C(I)C=C1,258.028,-70.0
[H]C(F)(CCCCCCCC)SC1=CC=CC=C1,363.989,-145.0
FC(F)C1CCN(CC2CCON2)CC1,334.166,-123.55
O=[N+]([O-])C1=CC=C(SC(F)F)C=C1,296.221,-91.6
CCCC(C)(F)F,306.098,-91.0
CN1[NH]C(C(F)(F)F)C(-C2CCC(Cl)CC2)C1=N,285.7413333,-59.9
O=C(CO)N1CCCC(C(F)(F)F)C1,283.4413333,-71.61
CCCC(N)C(F)(F)CCC,321.4365,-110.3
CC1NN(C(F)F)C(C)C1CC(=O)N1CCCCO1,303.0895,-94.91
CN1NC(C(=O)NC2CCCC(C(F)(F)F)C2)CCC1=O,279.719,-62.47
CCCC(O)C(F)(F)F,283.2706667,-80.0
O=C(O)C1OCNC1C(F)(F)F,282.4703333,-61.36
CC1(C)NC(=O)N(CC2CCCC(C(F)(F)F)C2)C1=O,283.8063333,-62.42
CO[C@@H]1CCC[C@H]1NC(=O)C1CC(F)C[NH]1,373.501,-163.91
CCCCCC(F)(F)F,278.7643333,-68.0
C#CC1=CC=C(C(F)(F)F)S1,262.7856667,-53.0
[H]C1=NNC(C(F)(F)F)=C1[H],267.5936667,-62.0
COC1(C)CN(C(=O)NC2CCCCC2C(F)(F)F)C1,279.039,-60.71
CC1CC(C(=O)N2CCC2)CC(C)C1OC(F)F,282.311,-79.46
FC1=NC2=CC=CC=C2N=C1,271.856,-74.0
O=C1NC(C(F)(F)F)NC2CCCCN12,289.5836667,-75.47
O=C(CC(F)(F)F)N1CCCC2(CC=CCC2)C1,274.8163333,-62.95
FC/C=C/C1=CC=CC=C1,417.22,-210.0
NC(=O)[C@@H]1CN(C(=O)C2CC=CC2)C[C@H]1C(F)(F)F,279.569,-70.71
CC1CNCC(C(=O)NC2(C(F)F)CC2)C1,336.108,-120.91
FC(F)(F)C1=CC2=C(C=CC=C2)O1,271.4353333,-65.0
CN(CC(F)F)C1CCC(C#N)CN1,328.7605,-122.24
COC(=O)F,221.116,-19.0
CNC(=O)NC1CCC(C(F)(F)F)NC1,286.295,-66.35
FC(F)(OC1=CC=CC=C1)OC1=CC=CC=C1,268.402,-56.0
COC1=CC=C(C(F)F)C=C1,326.4605,-109.0
CC1(C)C(C(F)(F)F)CCN1C(=O)NC1CCCNC1,273.8673333,-65.15
OC[C@H]1CCCN1C1CCCC(C(F)(F)F)N1,286.5923333,-68.2
[H]C(F)(C1=CC=CC=C1)[N+](=O)[O-],353.519,-137.0
ON1NNC2CCC(C(F)(F)F)CC21,282.471,-61.73
OC1CCN(C2CC(C(F)(F)F)NC3CCCCC23)CC1,287.804,-67.75
FC(F)(F)C1CNC(N2CCCO2)C(Cl)C1,279.3656667,-61.78
CN1C(=O)N(CC(F)(F)F)C(=O)C1C1CCCCC1,279.9966667,-70.82
FC(F)(F)C1=CN=CN=C1,269.6186667,-62.0
O=S(=O)(N[C@@H]1CCCC[C@H]1F)C1CC1,397.628,-174.58
